date,ticker,price,daily_change,market_cap,trailing_pe,eps,52w_high,52w_low,open,high,low,close,volume
2025-10-13,AAPL,247.19 USD,N/A,N/A,N/A,N/A,N/A,N/A,248.91,249.21,245.09,247.19,38.14M
2025-10-13,AMD,216.42 USD,N/A,N/A,N/A,N/A,N/A,N/A,220.20,224.19,214.90,216.42,63.10M
2025-10-13,CAT,502.14 USD,N/A,N/A,N/A,N/A,N/A,N/A,499.54,503.75,492.88,502.14,2.62M
2025-10-13,IONQ,82.09 USD,N/A,N/A,N/A,N/A,N/A,N/A,74.11,84.64,72.80,82.09,49.46M
2025-10-13,KO,65.88 USD,N/A,N/A,N/A,N/A,N/A,N/A,65.32,65.88,65.09,65.88,13.69M
2025-10-13,T,25.03 USD,N/A,N/A,N/A,N/A,N/A,N/A,25.12,25.29,24.80,25.03,36.31M
2025-10-13,XOM,110.53 USD,N/A,N/A,N/A,N/A,N/A,N/A,109.84,110.59,109.62,110.53,10.30M
2025-10-14,AAPL,247.30 USD,+0.04%,N/A,N/A,N/A,N/A,N/A,246.13,248.38,244.23,247.30,35.48M
2025-10-14,AMD,218.09 USD,+0.77%,N/A,N/A,N/A,N/A,N/A,219.20,224.98,215.90,218.09,71.22M
2025-10-14,CAT,524.73 USD,+4.50%,N/A,N/A,N/A,N/A,N/A,497.98,528.80,496.42,524.73,5.46M
2025-10-14,IONQ,77.55 USD,-5.53%,N/A,N/A,N/A,N/A,N/A,79.85,81.08,75.92,77.55,34.46M
2025-10-14,KO,66.58 USD,+1.06%,N/A,N/A,N/A,N/A,N/A,65.95,66.64,65.83,66.58,14.25M
2025-10-14,T,25.56 USD,+2.11%,N/A,N/A,N/A,N/A,N/A,25.02,25.58,25.02,25.56,43.64M
2025-10-14,XOM,110.58 USD,+0.04%,N/A,N/A,N/A,N/A,N/A,109.07,111.24,109.02,110.58,11.17M
2025-10-15,AAPL,248.87 USD,+0.63%,N/A,N/A,N/A,N/A,N/A,249.02,251.34,247.00,248.87,33.89M
2025-10-15,AMD,238.60 USD,+9.40%,N/A,N/A,N/A,N/A,N/A,222.71,239.24,220.76,238.60,108.48M
2025-10-15,CAT,531.28 USD,+1.25%,N/A,N/A,N/A,N/A,N/A,531.43,535.65,524.47,531.28,3.45M
2025-10-15,IONQ,72.41 USD,-6.63%,N/A,N/A,N/A,N/A,N/A,79.94,80.23,70.80,72.41,31.35M
2025-10-15,KO,66.16 USD,-0.64%,N/A,N/A,N/A,N/A,N/A,66.34,66.79,66.00,66.16,11.19M
2025-10-15,T,25.50 USD,-0.23%,N/A,N/A,N/A,N/A,N/A,25.48,25.62,25.37,25.50,34.67M
2025-10-15,XOM,109.91 USD,-0.61%,N/A,N/A,N/A,N/A,N/A,111.08,111.84,109.28,109.91,12.18M
2025-10-16,AAPL,246.98 USD,-0.76%,N/A,N/A,N/A,N/A,N/A,247.78,248.57,244.66,246.98,39.78M
2025-10-16,AMD,234.56 USD,-1.69%,N/A,N/A,N/A,N/A,N/A,236.29,241.20,232.24,234.56,69.73M
2025-10-16,CAT,538.15 USD,+1.29%,N/A,N/A,N/A,N/A,N/A,535.27,542.16,531.92,538.15,3.46M
2025-10-16,IONQ,65.59 USD,-9.42%,N/A,N/A,N/A,N/A,N/A,73.87,73.87,65.50,65.59,35.99M
2025-10-16,KO,66.66 USD,+0.76%,N/A,N/A,N/A,N/A,N/A,66.26,67.17,66.24,66.66,15.71M
2025-10-16,T,25.63 USD,+0.50%,N/A,N/A,N/A,N/A,N/A,25.53,25.81,25.48,25.63,49.51M
2025-10-16,XOM,108.95 USD,-0.87%,N/A,N/A,N/A,N/A,N/A,110.18,110.48,108.71,108.95,11.78M
2025-10-17,AAPL,251.81 USD,+1.96%,N/A,N/A,N/A,N/A,N/A,247.55,252.90,246.80,251.81,49.15M
2025-10-17,AMD,233.08 USD,-0.63%,N/A,N/A,N/A,N/A,N/A,233.26,235.38,227.91,233.08,55.80M
2025-10-17,CAT,524.34 USD,-2.57%,N/A,N/A,N/A,N/A,N/A,534.59,539.39,524.23,524.34,2.81M
2025-10-17,IONQ,62.94 USD,-4.04%,N/A,N/A,N/A,N/A,N/A,65.40,65.72,61.21,62.94,33.42M
2025-10-17,KO,67.50 USD,+1.26%,N/A,N/A,N/A,N/A,N/A,67.06,67.56,66.87,67.50,15.54M
2025-10-17,T,25.77 USD,+0.53%,N/A,N/A,N/A,N/A,N/A,25.81,25.90,25.63,25.77,61.49M
2025-10-17,XOM,110.53 USD,+1.45%,N/A,N/A,N/A,N/A,N/A,109.93,111.19,109.49,110.53,13.46M
2025-10-20,AAPL,261.74 USD,+3.94%,N/A,N/A,N/A,N/A,N/A,255.40,263.88,255.14,261.74,90.48M
2025-10-20,AMD,240.56 USD,+3.21%,N/A,N/A,N/A,N/A,N/A,236.47,242.88,234.40,240.56,56.74M
2025-10-20,CAT,529.94 USD,+1.07%,N/A,N/A,N/A,N/A,N/A,528.32,532.95,525.71,529.94,2.17M
2025-10-20,IONQ,59.94 USD,-4.77%,N/A,N/A,N/A,N/A,N/A,65.31,65.50,58.69,59.94,28.52M
2025-10-20,KO,67.50 USD,+0.00%,N/A,N/A,N/A,N/A,N/A,67.49,67.70,66.99,67.50,17.79M
2025-10-20,T,25.53 USD,-0.91%,N/A,N/A,N/A,N/A,N/A,25.77,25.86,25.27,25.53,66.16M
2025-10-20,XOM,110.98 USD,+0.41%,N/A,N/A,N/A,N/A,N/A,110.29,111.43,110.27,110.98,9.52M
2025-10-21,AAPL,262.27 USD,+0.20%,N/A,N/A,N/A,N/A,N/A,261.38,264.79,261.33,262.27,46.70M
2025-10-21,AMD,238.03 USD,-1.05%,N/A,N/A,N/A,N/A,N/A,239.39,242.26,234.02,238.03,47.12M
2025-10-21,CAT,523.43 USD,-1.23%,N/A,N/A,N/A,N/A,N/A,523.84,532.13,520.82,523.43,2.26M
2025-10-21,IONQ,59.50 USD,-0.73%,N/A,N/A,N/A,N/A,N/A,60.44,60.90,57.21,59.50,26.17M
2025-10-21,KO,70.24 USD,+4.06%,N/A,N/A,N/A,N/A,N/A,69.60,70.41,69.26,70.24,33.65M
2025-10-21,T,25.48 USD,-0.19%,N/A,N/A,N/A,N/A,N/A,25.58,25.66,25.33,25.48,100.45M
2025-10-21,XOM,110.99 USD,+0.01%,N/A,N/A,N/A,N/A,N/A,111.17,111.63,110.28,110.99,9.20M
2025-10-22,AAPL,257.96 USD,-1.64%,N/A,N/A,N/A,N/A,N/A,262.15,262.35,254.94,257.96,45.02M
2025-10-22,AMD,230.23 USD,-3.28%,N/A,N/A,N/A,N/A,N/A,236.85,240.13,224.88,230.23,59.67M
2025-10-22,CAT,512.71 USD,-2.05%,N/A,N/A,N/A,N/A,N/A,524.50,524.57,509.02,512.71,4.15M
2025-10-22,IONQ,55.45 USD,-6.81%,N/A,N/A,N/A,N/A,N/A,58.20,59.35,52.27,55.45,39.33M
2025-10-22,KO,69.84 USD,-0.58%,N/A,N/A,N/A,N/A,N/A,70.38,70.63,69.54,69.84,18.29M
2025-10-22,T,24.99 USD,-1.92%,N/A,N/A,N/A,N/A,N/A,24.38,25.27,23.79,24.99,95.47M
2025-10-22,XOM,112.96 USD,+1.77%,N/A,N/A,N/A,N/A,N/A,111.72,113.43,111.36,112.96,12.94M
2025-10-23,AAPL,259.09 USD,+0.44%,N/A,N/A,N/A,N/A,N/A,259.45,260.12,257.52,259.09,32.75M
2025-10-23,AMD,234.99 USD,+2.07%,N/A,N/A,N/A,N/A,N/A,230.16,235.90,228.54,234.99,39.02M
2025-10-23,CAT,519.29 USD,+1.28%,N/A,N/A,N/A,N/A,N/A,517.12,521.67,511.81,519.29,2.62M
2025-10-23,IONQ,59.37 USD,+7.07%,N/A,N/A,N/A,N/A,N/A,61.10,62.93,57.00,59.37,65.82M
2025-10-23,KO,68.98 USD,-1.23%,N/A,N/A,N/A,N/A,N/A,69.84,69.95,68.76,68.98,13.99M
2025-10-23,T,24.08 USD,-3.64%,N/A,N/A,N/A,N/A,N/A,25.12,25.19,23.96,24.08,107.29M
2025-10-23,XOM,114.21 USD,+1.11%,N/A,N/A,N/A,N/A,N/A,114.85,115.07,113.60,114.21,15.00M
2025-10-24,AAPL,262.32 USD,+1.25%,N/A,N/A,N/A,N/A,N/A,260.69,263.63,258.69,262.32,38.25M
2025-10-24,AMD,252.92 USD,+7.63%,N/A,N/A,N/A,N/A,N/A,243.36,253.39,241.95,252.92,71.22M
2025-10-24,CAT,521.51 USD,+0.43%,N/A,N/A,N/A,N/A,N/A,521.64,526.00,519.80,521.51,2.39M
2025-10-24,IONQ,60.30 USD,+1.57%,N/A,N/A,N/A,N/A,N/A,62.01,64.11,59.92,60.30,27.50M
2025-10-24,KO,68.75 USD,-0.33%,N/A,N/A,N/A,N/A,N/A,68.95,69.09,68.69,68.75,15.69M
2025-10-24,T,24.59 USD,+2.11%,N/A,N/A,N/A,N/A,N/A,24.10,24.64,24.03,24.59,80.55M
2025-10-24,XOM,113.63 USD,-0.51%,N/A,N/A,N/A,N/A,N/A,114.58,114.70,113.43,113.63,9.92M
2025-10-27,AAPL,268.30 USD,+2.28%,N/A,N/A,N/A,N/A,N/A,264.38,268.61,264.15,268.30,44.89M
2025-10-27,AMD,259.67 USD,+2.67%,N/A,N/A,N/A,N/A,N/A,257.88,260.42,249.80,259.67,65.61M
2025-10-27,CAT,525.84 USD,+0.83%,N/A,N/A,N/A,N/A,N/A,525.82,528.23,520.21,525.84,2.49M
2025-10-27,IONQ,62.80 USD,+4.15%,N/A,N/A,N/A,N/A,N/A,63.00,65.50,62.28,62.80,25.77M
2025-10-27,KO,69.10 USD,+0.50%,N/A,N/A,N/A,N/A,N/A,68.82,69.16,68.30,69.10,13.80M
2025-10-27,T,24.97 USD,+1.55%,N/A,N/A,N/A,N/A,N/A,24.53,25.01,24.43,24.97,86.22M
2025-10-27,XOM,114.17 USD,+0.48%,N/A,N/A,N/A,N/A,N/A,113.94,114.22,113.35,114.17,10.98M
2025-10-28,AAPL,268.49 USD,+0.07%,N/A,N/A,N/A,N/A,N/A,268.48,269.38,267.64,268.49,41.53M
2025-10-28,AMD,258.01 USD,-0.64%,N/A,N/A,N/A,N/A,N/A,259.14,264.58,257.00,258.01,47.45M
2025-10-28,CAT,523.25 USD,-0.49%,N/A,N/A,N/A,N/A,N/A,524.73,529.05,520.45,523.25,2.78M
2025-10-28,IONQ,57.15 USD,-9.00%,N/A,N/A,N/A,N/A,N/A,62.80,64.57,57.07,57.15,35.73M
2025-10-28,KO,69.19 USD,+0.14%,N/A,N/A,N/A,N/A,N/A,69.09,69.92,68.99,69.19,12.73M
2025-10-28,T,25.14 USD,+0.67%,N/A,N/A,N/A,N/A,N/A,24.86,25.22,24.76,25.14,77.66M
2025-10-28,XOM,113.28 USD,-0.78%,N/A,N/A,N/A,N/A,N/A,113.73,114.41,113.24,113.28,9.54M
2025-10-29,AAPL,269.19 USD,+0.26%,N/A,N/A,N/A,N/A,N/A,268.77,270.89,266.60,269.19,51.09M
2025-10-29,AMD,264.33 USD,+2.45%,N/A,N/A,N/A,N/A,N/A,264.19,267.08,257.40,264.33,49.34M
2025-10-29,CAT,584.12 USD,+11.63%,N/A,N/A,N/A,N/A,N/A,556.88,594.82,556.70,584.12,6.95M
2025-10-29,IONQ,61.11 USD,+6.93%,N/A,N/A,N/A,N/A,N/A,58.85,62.10,57.92,61.11,25.52M
2025-10-29,KO,67.41 USD,-2.58%,N/A,N/A,N/A,N/A,N/A,68.96,69.07,67.22,67.41,19.79M
2025-10-29,T,24.59 USD,-2.18%,N/A,N/A,N/A,N/A,N/A,25.55,25.64,24.44,24.59,102.72M
2025-10-29,XOM,114.68 USD,+1.23%,N/A,N/A,N/A,N/A,N/A,113.17,115.27,113.06,114.68,12.57M
2025-10-30,AAPL,270.88 USD,+0.63%,N/A,N/A,N/A,N/A,N/A,271.47,273.62,267.97,270.88,69.89M
2025-10-30,AMD,254.84 USD,-3.59%,N/A,N/A,N/A,N/A,N/A,259.92,263.88,252.31,254.84,45.16M
2025-10-30,CAT,581.79 USD,-0.40%,N/A,N/A,N/A,N/A,N/A,576.54,592.38,574.43,581.79,2.57M
2025-10-30,IONQ,60.17 USD,-1.54%,N/A,N/A,N/A,N/A,N/A,59.39,61.84,58.20,60.17,16.10M
2025-10-30,KO,68.03 USD,+0.92%,N/A,N/A,N/A,N/A,N/A,67.51,68.34,67.45,68.03,14.75M
2025-10-30,T,24.14 USD,-1.83%,N/A,N/A,N/A,N/A,N/A,24.44,24.63,24.08,24.14,82.17M
2025-10-30,XOM,112.94 USD,-1.51%,N/A,N/A,N/A,N/A,N/A,114.66,114.74,112.79,112.94,16.17M
2025-10-31,AAPL,269.86 USD,-0.38%,N/A,N/A,N/A,N/A,N/A,276.46,276.79,268.65,269.86,86.17M
2025-10-31,AMD,256.12 USD,+0.50%,N/A,N/A,N/A,N/A,N/A,259.60,262.13,253.41,256.12,34.45M
2025-10-31,CAT,575.91 USD,-1.01%,N/A,N/A,N/A,N/A,N/A,582.67,585.68,570.02,575.91,2.97M
2025-10-31,IONQ,62.38 USD,+3.67%,N/A,N/A,N/A,N/A,N/A,61.00,62.97,59.96,62.38,19.32M
2025-10-31,KO,67.95 USD,-0.12%,N/A,N/A,N/A,N/A,N/A,67.61,68.12,66.97,67.95,16.74M
2025-10-31,T,24.21 USD,+0.28%,N/A,N/A,N/A,N/A,N/A,24.09,24.44,23.98,24.21,89.94M
2025-10-31,XOM,112.62 USD,-0.29%,N/A,N/A,N/A,N/A,N/A,112.24,113.47,110.90,112.62,20.21M
2025-11-03,AAPL,268.54 USD,-0.49%,N/A,N/A,N/A,N/A,N/A,269.91,270.33,265.74,268.54,50.19M
2025-11-03,AMD,259.65 USD,+1.38%,N/A,N/A,N/A,N/A,N/A,259.33,260.91,253.89,259.65,36.35M
2025-11-03,CAT,569.26 USD,-1.16%,N/A,N/A,N/A,N/A,N/A,574.59,574.87,564.07,569.26,2.44M
2025-11-03,IONQ,58.40 USD,-6.38%,N/A,N/A,N/A,N/A,N/A,62.35,62.69,56.56,58.40,23.85M
2025-11-03,KO,67.03 USD,-1.35%,N/A,N/A,N/A,N/A,N/A,67.85,67.94,66.73,67.03,15.66M
2025-11-03,T,23.99 USD,-0.89%,N/A,N/A,N/A,N/A,N/A,24.10,24.10,23.55,23.99,89.33M
2025-11-03,XOM,112.03 USD,-0.52%,N/A,N/A,N/A,N/A,N/A,112.76,113.24,111.91,112.03,12.29M
2025-11-04,AAPL,269.53 USD,+0.37%,N/A,N/A,N/A,N/A,N/A,267.82,270.97,267.11,269.53,49.27M
2025-11-04,AMD,250.05 USD,-3.70%,N/A,N/A,N/A,N/A,N/A,250.35,257.38,247.39,250.05,56.49M
2025-11-04,CAT,546.30 USD,-4.03%,N/A,N/A,N/A,N/A,N/A,563.68,565.18,543.93,546.30,3.44M
2025-11-04,IONQ,53.38 USD,-8.60%,N/A,N/A,N/A,N/A,N/A,55.77,57.16,53.08,53.38,22.04M
2025-11-04,KO,67.72 USD,+1.02%,N/A,N/A,N/A,N/A,N/A,67.53,67.78,67.22,67.72,12.74M
2025-11-04,T,23.91 USD,-0.37%,N/A,N/A,N/A,N/A,N/A,23.94,24.02,23.76,23.91,75.03M
2025-11-04,XOM,112.40 USD,+0.33%,N/A,N/A,N/A,N/A,N/A,111.65,112.61,110.80,112.40,16.86M
2025-11-05,AAPL,269.63 USD,+0.04%,N/A,N/A,N/A,N/A,N/A,268.10,271.18,266.42,269.63,43.68M
2025-11-05,AMD,256.33 USD,+2.51%,N/A,N/A,N/A,N/A,N/A,243.24,259.65,242.81,256.33,67.37M
2025-11-05,CAT,567.82 USD,+3.94%,N/A,N/A,N/A,N/A,N/A,550.65,572.67,549.08,567.82,2.70M
2025-11-05,IONQ,55.41 USD,+3.80%,N/A,N/A,N/A,N/A,N/A,55.00,56.41,53.10,55.41,21.84M
2025-11-05,KO,67.57 USD,-0.22%,N/A,N/A,N/A,N/A,N/A,67.72,67.88,67.24,67.57,12.85M
2025-11-05,T,24.02 USD,+0.49%,N/A,N/A,N/A,N/A,N/A,23.93,24.19,23.90,24.02,61.11M
2025-11-05,XOM,111.95 USD,-0.40%,N/A,N/A,N/A,N/A,N/A,112.35,113.43,111.94,111.95,12.40M
2025-11-06,AAPL,269.26 USD,-0.14%,N/A,N/A,N/A,N/A,N/A,267.38,272.88,267.38,269.26,51.20M
2025-11-06,AMD,237.70 USD,-7.27%,N/A,N/A,N/A,N/A,N/A,253.47,253.51,235.74,237.70,66.05M
2025-11-06,CAT,568.45 USD,+0.11%,N/A,N/A,N/A,N/A,N/A,571.86,582.63,562.91,568.45,2.25M
2025-11-06,IONQ,57.43 USD,+3.65%,N/A,N/A,N/A,N/A,N/A,57.28,58.99,54.10,57.43,35.40M
2025-11-06,KO,68.11 USD,+0.80%,N/A,N/A,N/A,N/A,N/A,67.36,68.19,66.99,68.11,15.91M
2025-11-06,T,24.20 USD,+0.73%,N/A,N/A,N/A,N/A,N/A,23.76,24.44,23.76,24.20,71.67M
2025-11-06,XOM,112.76 USD,+0.72%,N/A,N/A,N/A,N/A,N/A,111.91,113.19,111.91,112.76,14.22M
2025-11-07,AAPL,267.96 USD,-0.48%,N/A,N/A,N/A,N/A,N/A,269.29,271.77,266.26,267.96,48.23M
2025-11-07,AMD,233.54 USD,-1.75%,N/A,N/A,N/A,N/A,N/A,230.94,235.87,224.64,233.54,52.16M
2025-11-07,CAT,561.79 USD,-1.17%,N/A,N/A,N/A,N/A,N/A,562.23,564.26,549.05,561.79,2.32M
2025-11-07,IONQ,59.27 USD,+3.20%,N/A,N/A,N/A,N/A,N/A,54.62,59.30,51.06,59.27,32.83M
2025-11-07,KO,69.58 USD,+2.16%,N/A,N/A,N/A,N/A,N/A,68.85,69.90,68.46,69.58,25.11M
2025-11-07,T,24.29 USD,+0.36%,N/A,N/A,N/A,N/A,N/A,24.27,24.55,24.10,24.29,62.44M
2025-11-07,XOM,115.43 USD,+2.38%,N/A,N/A,N/A,N/A,N/A,113.45,115.72,113.15,115.43,17.18M
2025-11-10,AAPL,269.18 USD,+0.45%,N/A,N/A,N/A,N/A,N/A,268.71,273.47,267.21,269.18,41.31M
2025-11-10,AMD,243.98 USD,+4.47%,N/A,N/A,N/A,N/A,N/A,242.14,248.90,240.50,243.98,43.36M
2025-11-10,CAT,569.52 USD,+1.38%,N/A,N/A,N/A,N/A,N/A,568.67,572.84,560.20,569.52,1.83M
2025-11-10,IONQ,55.37 USD,-6.58%,N/A,N/A,N/A,N/A,N/A,58.50,59.02,54.82,55.37,26.99M
2025-11-10,KO,69.55 USD,-0.04%,N/A,N/A,N/A,N/A,N/A,69.05,69.69,68.48,69.55,15.32M
2025-11-10,T,24.29 USD,+0.00%,N/A,N/A,N/A,N/A,N/A,24.20,24.40,24.07,24.29,52.68M
2025-11-10,XOM,116.42 USD,+0.85%,N/A,N/A,N/A,N/A,N/A,115.65,116.65,113.70,116.42,13.05M
2025-11-11,AAPL,274.99 USD,+2.16%,N/A,N/A,N/A,N/A,N/A,269.56,275.65,269.55,274.99,46.21M
2025-11-11,AMD,237.52 USD,-2.65%,N/A,N/A,N/A,N/A,N/A,241.66,248.46,234.64,237.52,61.34M
2025-11-11,CAT,566.60 USD,-0.51%,N/A,N/A,N/A,N/A,N/A,567.39,569.12,558.95,566.60,1.52M
2025-11-11,IONQ,54.42 USD,-1.72%,N/A,N/A,N/A,N/A,N/A,54.57,56.03,53.72,54.42,17.37M
2025-11-11,KO,70.62 USD,+1.55%,N/A,N/A,N/A,N/A,N/A,70.00,70.76,69.69,70.62,16.16M
2025-11-11,T,24.63 USD,+1.41%,N/A,N/A,N/A,N/A,N/A,24.39,24.75,24.34,24.63,40.96M
2025-11-11,XOM,117.96 USD,+1.32%,N/A,N/A,N/A,N/A,N/A,117.02,118.97,117.02,117.96,16.08M
2025-11-12,AAPL,273.21 USD,-0.65%,N/A,N/A,N/A,N/A,N/A,274.74,275.47,271.45,273.21,48.40M
2025-11-12,AMD,258.89 USD,+9.00%,N/A,N/A,N/A,N/A,N/A,253.13,263.51,250.00,258.89,108.94M
2025-11-12,CAT,571.68 USD,+0.90%,N/A,N/A,N/A,N/A,N/A,569.17,579.91,569.17,571.68,2.65M
2025-11-12,IONQ,50.71 USD,-6.82%,N/A,N/A,N/A,N/A,N/A,54.76,55.60,49.89,50.71,23.10M
2025-11-12,KO,70.53 USD,-0.14%,N/A,N/A,N/A,N/A,N/A,70.51,70.90,70.36,70.53,13.61M
2025-11-12,T,25.09 USD,+1.87%,N/A,N/A,N/A,N/A,N/A,24.88,25.17,24.86,25.09,44.10M
2025-11-12,XOM,116.32 USD,-1.39%,N/A,N/A,N/A,N/A,N/A,117.29,117.46,116.00,116.32,13.79M
2025-11-13,AAPL,272.69 USD,-0.19%,N/A,N/A,N/A,N/A,N/A,273.85,276.44,271.84,272.69,49.60M
2025-11-13,AMD,247.96 USD,-4.22%,N/A,N/A,N/A,N/A,N/A,251.90,259.63,246.06,247.96,63.18M
2025-11-13,CAT,552.26 USD,-3.40%,N/A,N/A,N/A,N/A,N/A,571.43,575.47,543.36,552.26,3.46M
2025-11-13,IONQ,45.40 USD,-10.47%,N/A,N/A,N/A,N/A,N/A,49.44,49.90,44.30,45.40,37.23M
2025-11-13,KO,70.09 USD,-0.62%,N/A,N/A,N/A,N/A,N/A,70.44,70.68,70.02,70.09,14.00M
2025-11-13,T,25.19 USD,+0.39%,N/A,N/A,N/A,N/A,N/A,25.09,25.39,25.00,25.19,49.79M
2025-11-13,XOM,116.98 USD,+0.57%,N/A,N/A,N/A,N/A,N/A,116.82,117.94,116.48,116.98,17.29M
2025-11-14,AAPL,272.16 USD,-0.20%,N/A,N/A,N/A,N/A,N/A,270.80,275.70,269.35,272.16,47.43M
2025-11-14,AMD,246.81 USD,-0.46%,N/A,N/A,N/A,N/A,N/A,240.11,253.44,235.08,246.81,47.66M
2025-11-14,CAT,552.74 USD,+0.09%,N/A,N/A,N/A,N/A,N/A,547.68,557.01,539.74,552.74,2.76M
2025-11-14,IONQ,47.18 USD,+3.92%,N/A,N/A,N/A,N/A,N/A,42.98,48.78,42.82,47.18,29.45M
2025-11-14,KO,70.18 USD,+0.13%,N/A,N/A,N/A,N/A,N/A,70.43,70.65,69.63,70.18,13.17M
2025-11-14,T,25.03 USD,-0.62%,N/A,N/A,N/A,N/A,N/A,25.31,25.36,24.88,25.03,37.39M
2025-11-14,XOM,118.50 USD,+1.30%,N/A,N/A,N/A,N/A,N/A,117.67,118.69,115.89,118.50,17.06M
2025-11-17,AAPL,267.21 USD,-1.82%,N/A,N/A,N/A,N/A,N/A,268.57,270.24,265.48,267.21,45.02M
2025-11-17,AMD,240.52 USD,-2.55%,N/A,N/A,N/A,N/A,N/A,242.75,248.77,237.15,240.52,37.94M
2025-11-17,CAT,550.76 USD,-0.36%,N/A,N/A,N/A,N/A,N/A,551.30,560.28,546.29,550.76,1.94M
2025-11-17,IONQ,47.79 USD,+1.29%,N/A,N/A,N/A,N/A,N/A,46.73,49.25,45.94,47.79,22.63M
2025-11-17,KO,69.71 USD,-0.67%,N/A,N/A,N/A,N/A,N/A,70.22,70.55,69.65,69.71,14.77M
2025-11-17,T,24.91 USD,-0.47%,N/A,N/A,N/A,N/A,N/A,25.07,25.15,24.87,24.91,34.52M
2025-11-17,XOM,116.90 USD,-1.35%,N/A,N/A,N/A,N/A,N/A,118.18,118.71,116.33,116.90,16.03M
2025-11-18,AAPL,267.19 USD,-0.01%,N/A,N/A,N/A,N/A,N/A,269.74,270.46,265.07,267.19,45.68M
2025-11-18,AMD,230.29 USD,-4.25%,N/A,N/A,N/A,N/A,N/A,236.78,238.00,224.71,230.29,45.62M
2025-11-18,CAT,545.60 USD,-0.94%,N/A,N/A,N/A,N/A,N/A,542.08,550.28,536.79,545.60,1.92M
2025-11-18,IONQ,49.12 USD,+2.78%,N/A,N/A,N/A,N/A,N/A,47.20,50.28,47.20,49.12,20.78M
2025-11-18,KO,70.24 USD,+0.76%,N/A,N/A,N/A,N/A,N/A,70.01,70.36,69.60,70.24,12.84M
2025-11-18,T,25.04 USD,+0.51%,N/A,N/A,N/A,N/A,N/A,24.98,25.21,24.79,25.04,41.53M
2025-11-18,XOM,118.24 USD,+1.15%,N/A,N/A,N/A,N/A,N/A,116.48,118.69,115.71,118.24,15.81M
2025-11-19,AAPL,268.31 USD,+0.42%,N/A,N/A,N/A,N/A,N/A,265.28,271.96,265.25,268.31,40.42M
2025-11-19,AMD,223.55 USD,-2.93%,N/A,N/A,N/A,N/A,N/A,230.26,235.28,219.71,223.55,52.09M
2025-11-19,CAT,551.82 USD,+1.14%,N/A,N/A,N/A,N/A,N/A,548.72,559.60,546.36,551.82,1.88M
2025-11-19,IONQ,47.88 USD,-2.52%,N/A,N/A,N/A,N/A,N/A,49.15,50.68,47.33,47.88,19.46M
2025-11-19,KO,70.13 USD,-0.15%,N/A,N/A,N/A,N/A,N/A,70.22,70.47,69.84,70.13,12.40M
2025-11-19,T,24.72 USD,-1.29%,N/A,N/A,N/A,N/A,N/A,25.04,25.11,24.54,24.72,34.30M
2025-11-19,XOM,116.57 USD,-1.41%,N/A,N/A,N/A,N/A,N/A,116.08,117.40,115.16,116.57,15.92M
2025-11-20,AAPL,266.00 USD,-0.86%,N/A,N/A,N/A,N/A,N/A,270.58,275.17,265.67,266.00,45.82M
2025-11-20,AMD,206.02 USD,-7.84%,N/A,N/A,N/A,N/A,N/A,232.70,234.25,204.53,206.02,66.34M
2025-11-20,CAT,544.86 USD,-1.26%,N/A,N/A,N/A,N/A,N/A,564.63,567.54,539.74,544.86,3.19M
2025-11-20,IONQ,41.00 USD,-14.37%,N/A,N/A,N/A,N/A,N/A,48.57,49.57,40.69,41.00,33.67M
2025-11-20,KO,70.23 USD,+0.14%,N/A,N/A,N/A,N/A,N/A,69.97,70.50,69.64,70.23,15.40M
2025-11-20,T,24.96 USD,+0.99%,N/A,N/A,N/A,N/A,N/A,24.70,25.07,24.57,24.96,44.63M
2025-11-20,XOM,116.25 USD,-0.28%,N/A,N/A,N/A,N/A,N/A,117.20,118.22,115.97,116.25,14.40M
2025-11-21,AAPL,271.24 USD,+1.97%,N/A,N/A,N/A,N/A,N/A,265.70,273.07,265.42,271.24,59.03M
2025-11-21,AMD,203.78 USD,-1.09%,N/A,N/A,N/A,N/A,N/A,208.81,208.83,195.00,203.78,67.42M
2025-11-21,CAT,549.15 USD,+0.79%,N/A,N/A,N/A,N/A,N/A,544.55,553.69,535.83,549.15,2.92M
2025-11-21,IONQ,41.71 USD,+1.73%,N/A,N/A,N/A,N/A,N/A,42.56,42.76,38.00,41.71,29.30M
2025-11-21,KO,71.95 USD,+2.44%,N/A,N/A,N/A,N/A,N/A,70.69,72.18,70.51,71.95,26.49M
2025-11-21,T,25.36 USD,+1.61%,N/A,N/A,N/A,N/A,N/A,24.96,25.61,24.94,25.36,59.02M
2025-11-21,XOM,116.30 USD,+0.05%,N/A,N/A,N/A,N/A,N/A,116.22,116.60,114.88,116.30,15.67M
2025-11-24,AAPL,275.66 USD,+1.63%,N/A,N/A,N/A,N/A,N/A,270.65,276.74,270.65,275.66,65.59M
2025-11-24,AMD,215.05 USD,+5.53%,N/A,N/A,N/A,N/A,N/A,207.16,217.13,205.85,215.05,46.75M
2025-11-24,CAT,558.29 USD,+1.67%,N/A,N/A,N/A,N/A,N/A,550.84,564.42,549.38,558.29,4.65M
2025-11-24,IONQ,46.76 USD,+12.11%,N/A,N/A,N/A,N/A,N/A,42.75,47.33,42.49,46.76,40.44M
2025-11-24,KO,71.59 USD,-0.49%,N/A,N/A,N/A,N/A,N/A,72.15,72.15,70.59,71.59,39.82M
2025-11-24,T,25.06 USD,-1.20%,N/A,N/A,N/A,N/A,N/A,25.42,25.45,24.87,25.06,66.61M
2025-11-24,XOM,115.20 USD,-0.95%,N/A,N/A,N/A,N/A,N/A,116.42,116.42,113.98,115.20,18.03M
2025-11-25,AAPL,276.71 USD,+0.38%,N/A,N/A,N/A,N/A,N/A,275.01,280.12,274.99,276.71,46.91M
2025-11-25,AMD,206.13 USD,-4.15%,N/A,N/A,N/A,N/A,N/A,201.48,206.58,194.28,206.13,69.77M
2025-11-25,CAT,565.29 USD,+1.25%,N/A,N/A,N/A,N/A,N/A,563.27,565.82,546.27,565.29,3.11M
2025-11-25,IONQ,47.06 USD,+0.64%,N/A,N/A,N/A,N/A,N/A,46.57,47.91,44.22,47.06,18.01M
2025-11-25,KO,71.61 USD,+0.03%,N/A,N/A,N/A,N/A,N/A,71.80,71.93,71.15,71.61,17.45M
2025-11-25,T,25.30 USD,+0.94%,N/A,N/A,N/A,N/A,N/A,25.20,25.64,25.19,25.30,44.34M
2025-11-25,XOM,113.75 USD,-1.26%,N/A,N/A,N/A,N/A,N/A,114.42,115.13,113.43,113.75,14.43M
2025-11-26,AAPL,277.29 USD,+0.21%,N/A,N/A,N/A,N/A,N/A,276.70,279.27,276.37,277.29,33.43M
2025-11-26,AMD,214.24 USD,+3.93%,N/A,N/A,N/A,N/A,N/A,210.05,215.59,207.00,214.24,43.27M
2025-11-26,CAT,572.39 USD,+1.26%,N/A,N/A,N/A,N/A,N/A,565.29,573.54,564.70,572.39,2.00M
2025-11-26,IONQ,46.90 USD,-0.34%,N/A,N/A,N/A,N/A,N/A,47.40,48.25,46.01,46.90,12.48M
2025-11-26,KO,71.88 USD,+0.37%,N/A,N/A,N/A,N/A,N/A,71.60,72.08,71.39,71.88,11.80M
2025-11-26,T,25.26 USD,-0.15%,N/A,N/A,N/A,N/A,N/A,25.27,25.50,25.24,25.26,27.71M
2025-11-26,XOM,114.01 USD,+0.23%,N/A,N/A,N/A,N/A,N/A,113.65,114.97,113.55,114.01,11.65M
2025-11-28,AAPL,278.59 USD,+0.47%,N/A,N/A,N/A,N/A,N/A,277.00,278.74,275.73,278.59,20.14M
2025-11-28,AMD,217.53 USD,+1.54%,N/A,N/A,N/A,N/A,N/A,216.14,218.30,214.02,217.53,18.66M
2025-11-28,CAT,574.42 USD,+0.35%,N/A,N/A,N/A,N/A,N/A,572.45,576.01,571.06,574.42,1.02M
2025-11-28,IONQ,49.30 USD,+5.12%,N/A,N/A,N/A,N/A,N/A,47.70,49.85,47.57,49.30,10.31M
2025-11-28,KO,72.11 USD,+0.33%,N/A,N/A,N/A,N/A,N/A,72.00,72.22,71.76,72.11,7.42M
2025-11-28,T,25.45 USD,+0.77%,N/A,N/A,N/A,N/A,N/A,25.26,25.45,25.20,25.45,16.35M
2025-11-28,XOM,115.15 USD,+1.00%,N/A,N/A,N/A,N/A,N/A,114.19,117.95,114.06,115.15,7.24M
2025-12-01,AAPL,282.84 USD,+1.52%,N/A,N/A,N/A,N/A,N/A,277.75,283.16,275.88,282.84,46.59M
2025-12-01,AMD,219.76 USD,+1.03%,N/A,N/A,N/A,N/A,N/A,213.88,220.98,213.50,219.76,30.77M
2025-12-01,CAT,566.73 USD,-1.34%,N/A,N/A,N/A,N/A,N/A,569.08,574.25,565.68,566.73,1.76M
2025-12-01,IONQ,47.12 USD,-4.42%,N/A,N/A,N/A,N/A,N/A,48.64,48.87,46.61,47.12,13.65M
2025-12-01,KO,71.46 USD,-0.91%,N/A,N/A,N/A,N/A,N/A,72.10,72.41,71.44,71.46,14.39M
2025-12-01,T,25.23 USD,-0.88%,N/A,N/A,N/A,N/A,N/A,25.38,25.40,24.99,25.23,34.68M
2025-12-01,XOM,115.86 USD,+0.61%,N/A,N/A,N/A,N/A,N/A,115.33,116.63,115.33,115.86,12.66M
2025-12-02,AAPL,285.92 USD,+1.09%,N/A,N/A,N/A,N/A,N/A,282.74,287.13,282.37,285.92,53.67M
2025-12-02,AMD,215.24 USD,-2.06%,N/A,N/A,N/A,N/A,N/A,221.79,225.98,214.39,215.24,42.00M
2025-12-02,CAT,581.11 USD,+2.54%,N/A,N/A,N/A,N/A,N/A,570.00,584.19,567.73,581.11,2.75M
2025-12-02,IONQ,46.93 USD,-0.40%,N/A,N/A,N/A,N/A,N/A,47.57,49.68,46.83,46.93,12.67M
2025-12-02,KO,70.19 USD,-1.78%,N/A,N/A,N/A,N/A,N/A,71.31,71.31,69.95,70.19,19.87M
2025-12-02,T,24.96 USD,-1.05%,N/A,N/A,N/A,N/A,N/A,25.27,25.31,24.89,24.96,30.84M
2025-12-02,XOM,114.62 USD,-1.07%,N/A,N/A,N/A,N/A,N/A,115.67,115.83,113.93,114.62,14.61M
2025-12-03,AAPL,283.88 USD,-0.71%,N/A,N/A,N/A,N/A,N/A,285.93,288.35,283.04,283.88,43.54M
2025-12-03,AMD,217.60 USD,+1.10%,N/A,N/A,N/A,N/A,N/A,216.26,218.20,211.77,217.60,28.55M
2025-12-03,CAT,590.11 USD,+1.55%,N/A,N/A,N/A,N/A,N/A,580.04,591.86,560.90,590.11,2.55M
2025-12-03,IONQ,48.65 USD,+3.67%,N/A,N/A,N/A,N/A,N/A,46.92,48.90,45.31,48.65,17.18M
2025-12-03,KO,70.33 USD,+0.20%,N/A,N/A,N/A,N/A,N/A,70.40,70.91,70.13,70.33,17.00M
2025-12-03,T,24.77 USD,-0.78%,N/A,N/A,N/A,N/A,N/A,25.00,25.26,24.76,24.77,29.14M
2025-12-03,XOM,117.02 USD,+2.10%,N/A,N/A,N/A,N/A,N/A,115.18,117.20,115.11,117.02,16.82M
2025-12-04,AAPL,280.44 USD,-1.21%,N/A,N/A,N/A,N/A,N/A,283.83,284.46,278.33,280.44,43.99M
2025-12-04,AMD,215.98 USD,-0.74%,N/A,N/A,N/A,N/A,N/A,216.88,219.12,214.14,215.98,24.48M
2025-12-04,CAT,597.75 USD,+1.30%,N/A,N/A,N/A,N/A,N/A,588.80,601.31,585.63,597.75,2.31M
2025-12-04,IONQ,54.76 USD,+12.56%,N/A,N/A,N/A,N/A,N/A,48.67,55.32,48.31,54.76,33.40M
2025-12-04,KO,69.97 USD,-0.51%,N/A,N/A,N/A,N/A,N/A,70.35,70.85,69.89,69.97,17.71M
2025-12-04,T,24.84 USD,+0.28%,N/A,N/A,N/A,N/A,N/A,24.82,25.00,24.68,24.84,33.04M
2025-12-04,XOM,116.36 USD,-0.56%,N/A,N/A,N/A,N/A,N/A,116.72,117.56,115.89,116.36,13.69M
2025-12-05,AAPL,278.52 USD,-0.68%,N/A,N/A,N/A,N/A,N/A,280.28,280.88,277.79,278.52,47.27M
2025-12-05,AMD,217.97 USD,+0.92%,N/A,N/A,N/A,N/A,N/A,217.17,223.64,216.24,217.97,33.29M
2025-12-05,CAT,601.76 USD,+0.67%,N/A,N/A,N/A,N/A,N/A,602.59,605.58,596.34,601.76,2.18M
2025-12-05,IONQ,52.69 USD,-3.78%,N/A,N/A,N/A,N/A,N/A,54.00,54.26,51.13,52.69,17.48M
2025-12-05,KO,69.52 USD,-0.64%,N/A,N/A,N/A,N/A,N/A,69.84,70.23,69.39,69.52,13.98M
2025-12-05,T,24.73 USD,-0.43%,N/A,N/A,N/A,N/A,N/A,24.81,25.08,24.70,24.73,28.08M
2025-12-05,XOM,115.77 USD,-0.51%,N/A,N/A,N/A,N/A,N/A,115.98,117.99,115.64,115.77,12.52M
2025-12-08,AAPL,277.63 USD,-0.32%,N/A,N/A,N/A,N/A,N/A,277.87,279.41,275.89,277.63,38.21M
2025-12-08,AMD,221.11 USD,+1.44%,N/A,N/A,N/A,N/A,N/A,219.09,223.71,218.36,221.11,30.94M
2025-12-08,CAT,595.11 USD,-1.11%,N/A,N/A,N/A,N/A,N/A,603.25,603.44,590.55,595.11,1.82M
2025-12-08,IONQ,54.36 USD,+3.17%,N/A,N/A,N/A,N/A,N/A,53.99,54.82,51.46,54.36,16.36M
2025-12-08,KO,69.77 USD,+0.36%,N/A,N/A,N/A,N/A,N/A,69.36,69.90,69.02,69.77,17.78M
2025-12-08,T,24.30 USD,-1.74%,N/A,N/A,N/A,N/A,N/A,24.79,24.79,24.15,24.30,41.48M
2025-12-08,XOM,115.21 USD,-0.48%,N/A,N/A,N/A,N/A,N/A,115.06,116.23,114.28,115.21,14.90M
2025-12-09,AAPL,276.92 USD,-0.26%,N/A,N/A,N/A,N/A,N/A,277.90,279.77,276.66,276.92,32.19M
2025-12-09,AMD,221.62 USD,+0.23%,N/A,N/A,N/A,N/A,N/A,221.04,224.84,217.91,221.62,25.17M
2025-12-09,CAT,592.97 USD,-0.36%,N/A,N/A,N/A,N/A,N/A,591.67,598.59,590.85,592.97,1.76M
2025-12-09,IONQ,54.44 USD,+0.15%,N/A,N/A,N/A,N/A,N/A,53.81,55.66,52.93,54.44,12.99M
2025-12-09,KO,69.61 USD,-0.23%,N/A,N/A,N/A,N/A,N/A,69.89,70.15,69.35,69.61,13.01M
2025-12-09,T,23.98 USD,-1.33%,N/A,N/A,N/A,N/A,N/A,24.30,24.44,23.83,23.98,41.50M
2025-12-09,XOM,117.47 USD,+1.96%,N/A,N/A,N/A,N/A,N/A,116.13,119.67,116.12,117.47,23.79M
2025-12-10,AAPL,278.52 USD,+0.58%,N/A,N/A,N/A,N/A,N/A,277.49,279.49,276.18,278.52,33.04M
2025-12-10,AMD,221.42 USD,-0.09%,N/A,N/A,N/A,N/A,N/A,222.00,222.61,218.67,221.42,23.28M
2025-12-10,CAT,613.91 USD,+3.53%,N/A,N/A,N/A,N/A,N/A,598.73,615.79,597.29,613.91,2.80M
2025-12-10,IONQ,51.67 USD,-5.09%,N/A,N/A,N/A,N/A,N/A,53.20,53.61,51.25,51.67,14.90M
2025-12-10,KO,69.73 USD,+0.17%,N/A,N/A,N/A,N/A,N/A,69.91,70.05,69.30,69.73,29.79M
2025-12-10,T,23.86 USD,-0.49%,N/A,N/A,N/A,N/A,N/A,24.02,24.06,23.75,23.86,48.96M
2025-12-10,XOM,118.75 USD,+1.09%,N/A,N/A,N/A,N/A,N/A,117.94,119.08,117.59,118.75,19.85M
2025-12-11,AAPL,277.77 USD,-0.27%,N/A,N/A,N/A,N/A,N/A,278.84,279.33,273.55,277.77,33.25M
2025-12-11,AMD,221.43 USD,+0.00%,N/A,N/A,N/A,N/A,N/A,217.81,221.50,210.19,221.43,30.69M
2025-12-11,CAT,624.15 USD,+1.67%,N/A,N/A,N/A,N/A,N/A,609.03,625.35,602.85,624.15,2.78M
2025-12-11,IONQ,52.55 USD,+1.70%,N/A,N/A,N/A,N/A,N/A,51.90,52.88,49.06,52.55,19.06M
2025-12-11,KO,68.64 USD,-1.57%,N/A,N/A,N/A,N/A,N/A,70.07,70.21,68.32,68.64,23.12M
2025-12-11,T,23.77 USD,-0.37%,N/A,N/A,N/A,N/A,N/A,23.93,24.17,23.74,23.77,38.93M
2025-12-11,XOM,118.75 USD,+0.00%,N/A,N/A,N/A,N/A,N/A,118.32,119.56,118.28,118.75,14.78M
2025-12-12,AAPL,278.02 USD,+0.09%,N/A,N/A,N/A,N/A,N/A,277.64,278.96,276.56,278.02,39.53M
2025-12-12,AMD,210.78 USD,-4.81%,N/A,N/A,N/A,N/A,N/A,218.37,222.49,209.06,210.78,37.07M
2025-12-12,CAT,596.49 USD,-4.43%,N/A,N/A,N/A,N/A,N/A,624.54,626.04,594.39,596.49,4.58M
2025-12-12,IONQ,50.35 USD,-4.19%,N/A,N/A,N/A,N/A,N/A,52.08,53.00,49.00,50.35,14.31M
2025-12-12,KO,70.04 USD,+2.04%,N/A,N/A,N/A,N/A,N/A,68.64,70.14,68.57,70.04,18.44M
2025-12-12,T,24.04 USD,+1.15%,N/A,N/A,N/A,N/A,N/A,23.86,24.27,23.74,24.04,34.21M
2025-12-12,XOM,118.03 USD,-0.60%,N/A,N/A,N/A,N/A,N/A,118.65,119.13,117.53,118.03,14.46M
2025-12-15,AAPL,273.85 USD,-1.50%,N/A,N/A,N/A,N/A,N/A,279.89,279.89,272.58,273.85,50.41M
2025-12-15,AMD,207.58 USD,-1.52%,N/A,N/A,N/A,N/A,N/A,212.28,215.36,206.58,207.58,27.22M
2025-12-15,CAT,588.38 USD,-1.36%,N/A,N/A,N/A,N/A,N/A,601.12,602.74,586.52,588.38,3.97M
2025-12-15,IONQ,46.07 USD,-8.50%,N/A,N/A,N/A,N/A,N/A,50.78,51.00,45.18,46.07,22.53M
2025-12-15,KO,70.49 USD,+0.64%,N/A,N/A,N/A,N/A,N/A,69.95,70.83,69.84,70.49,18.66M
2025-12-15,T,23.78 USD,-1.10%,N/A,N/A,N/A,N/A,N/A,23.96,24.09,23.69,23.78,37.16M
2025-12-15,XOM,116.98 USD,-0.89%,N/A,N/A,N/A,N/A,N/A,118.22,118.24,116.08,116.98,16.36M
2025-12-16,AAPL,274.35 USD,+0.18%,N/A,N/A,N/A,N/A,N/A,272.56,275.24,271.54,274.35,37.65M
2025-12-16,AMD,209.17 USD,+0.77%,N/A,N/A,N/A,N/A,N/A,206.92,210.22,205.11,209.17,23.47M
2025-12-16,CAT,587.56 USD,-0.14%,N/A,N/A,N/A,N/A,N/A,589.32,597.26,584.91,587.56,2.32M
2025-12-16,IONQ,49.67 USD,+7.81%,N/A,N/A,N/A,N/A,N/A,46.94,49.90,46.90,49.67,16.64M
2025-12-16,KO,69.89 USD,-0.85%,N/A,N/A,N/A,N/A,N/A,70.81,70.81,69.84,69.89,17.37M
2025-12-16,T,23.54 USD,-0.99%,N/A,N/A,N/A,N/A,N/A,23.83,23.86,23.49,23.54,35.70M
2025-12-16,XOM,113.92 USD,-2.62%,N/A,N/A,N/A,N/A,N/A,116.00,116.07,113.85,113.92,17.64M
2025-12-17,AAPL,271.59 USD,-1.01%,N/A,N/A,N/A,N/A,N/A,274.75,275.90,271.39,271.59,50.14M
2025-12-17,AMD,198.11 USD,-5.29%,N/A,N/A,N/A,N/A,N/A,210.04,211.50,197.53,198.11,31.60M
2025-12-17,CAT,560.58 USD,-4.59%,N/A,N/A,N/A,N/A,N/A,586.22,589.62,556.16,560.58,3.75M
2025-12-17,IONQ,45.85 USD,-7.69%,N/A,N/A,N/A,N/A,N/A,50.22,52.15,45.76,45.85,20.24M
2025-12-17,KO,70.19 USD,+0.43%,N/A,N/A,N/A,N/A,N/A,70.09,70.44,69.83,70.19,13.67M
2025-12-17,T,23.83 USD,+1.20%,N/A,N/A,N/A,N/A,N/A,23.58,23.92,23.55,23.83,39.46M
2025-12-17,XOM,116.63 USD,+2.38%,N/A,N/A,N/A,N/A,N/A,114.45,116.84,114.41,116.63,18.50M
2025-12-18,AAPL,271.94 USD,+0.13%,N/A,N/A,N/A,N/A,N/A,273.35,273.37,266.70,271.94,51.63M
2025-12-18,AMD,201.06 USD,+1.49%,N/A,N/A,N/A,N/A,N/A,203.82,206.36,200.50,201.06,29.72M
2025-12-18,CAT,564.51 USD,+0.70%,N/A,N/A,N/A,N/A,N/A,567.17,573.32,560.60,564.51,2.19M
2025-12-18,IONQ,46.44 USD,+1.29%,N/A,N/A,N/A,N/A,N/A,48.13,48.72,46.04,46.44,16.22M
2025-12-18,KO,69.88 USD,-0.44%,N/A,N/A,N/A,N/A,N/A,69.79,70.32,69.69,69.88,15.52M
2025-12-18,T,23.73 USD,-0.41%,N/A,N/A,N/A,N/A,N/A,23.78,24.01,23.70,23.73,31.04M
2025-12-18,XOM,115.77 USD,-0.74%,N/A,N/A,N/A,N/A,N/A,116.22,116.22,114.86,115.77,13.71M
2025-12-19,AAPL,273.41 USD,+0.54%,N/A,N/A,N/A,N/A,N/A,271.90,274.34,269.65,273.41,144.63M
2025-12-19,AMD,213.43 USD,+6.15%,N/A,N/A,N/A,N/A,N/A,204.60,215.18,204.20,213.43,58.45M
2025-12-19,CAT,574.87 USD,+1.84%,N/A,N/A,N/A,N/A,N/A,571.35,580.37,569.00,574.87,5.36M
2025-12-19,IONQ,48.48 USD,+4.39%,N/A,N/A,N/A,N/A,N/A,47.14,49.44,46.88,48.48,30.43M
2025-12-19,KO,69.58 USD,-0.43%,N/A,N/A,N/A,N/A,N/A,69.58,70.29,69.55,69.58,36.91M
2025-12-19,T,23.62 USD,-0.45%,N/A,N/A,N/A,N/A,N/A,23.68,23.75,23.50,23.62,89.82M
2025-12-19,XOM,115.92 USD,+0.13%,N/A,N/A,N/A,N/A,N/A,115.98,116.79,115.19,115.92,45.41M
2025-12-22,AAPL,270.72 USD,-0.99%,N/A,N/A,N/A,N/A,N/A,272.60,273.62,270.26,270.72,36.57M
2025-12-22,AMD,214.95 USD,+0.71%,N/A,N/A,N/A,N/A,N/A,220.00,220.17,213.31,214.95,24.95M
2025-12-22,CAT,581.05 USD,+1.07%,N/A,N/A,N/A,N/A,N/A,583.13,584.42,574.35,581.05,2.39M
2025-12-22,IONQ,53.86 USD,+11.10%,N/A,N/A,N/A,N/A,N/A,49.88,55.60,49.67,53.86,28.90M
2025-12-22,KO,69.73 USD,+0.21%,N/A,N/A,N/A,N/A,N/A,69.45,69.74,69.18,69.73,12.83M
2025-12-22,T,23.77 USD,+0.62%,N/A,N/A,N/A,N/A,N/A,23.62,23.92,23.56,23.77,29.05M
2025-12-22,XOM,117.37 USD,+1.25%,N/A,N/A,N/A,N/A,N/A,116.56,117.68,116.56,117.37,11.77M
2025-12-23,AAPL,272.11 USD,+0.51%,N/A,N/A,N/A,N/A,N/A,270.59,272.25,269.31,272.11,29.64M
2025-12-23,AMD,214.90 USD,-0.02%,N/A,N/A,N/A,N/A,N/A,212.86,217.03,212.28,214.90,20.27M
2025-12-23,CAT,581.06 USD,+0.00%,N/A,N/A,N/A,N/A,N/A,579.14,587.34,579.14,581.06,1.73M
2025-12-23,IONQ,51.39 USD,-4.59%,N/A,N/A,N/A,N/A,N/A,52.72,54.54,51.15,51.39,15.26M
2025-12-23,KO,69.39 USD,-0.48%,N/A,N/A,N/A,N/A,N/A,69.72,69.78,69.21,69.39,9.47M
2025-12-23,T,23.93 USD,+0.66%,N/A,N/A,N/A,N/A,N/A,23.75,23.99,23.73,23.93,20.87M
2025-12-23,XOM,118.63 USD,+1.07%,N/A,N/A,N/A,N/A,N/A,117.69,119.24,117.54,118.63,12.57M
2025-12-24,AAPL,273.55 USD,+0.53%,N/A,N/A,N/A,N/A,N/A,272.09,275.17,271.95,273.55,17.91M
2025-12-24,AMD,215.04 USD,+0.07%,N/A,N/A,N/A,N/A,N/A,214.98,216.54,213.97,215.04,7.96M
2025-12-24,CAT,582.40 USD,+0.23%,N/A,N/A,N/A,N/A,N/A,581.30,585.76,579.64,582.40,"947,000"
2025-12-24,IONQ,49.82 USD,-3.06%,N/A,N/A,N/A,N/A,N/A,51.70,51.88,48.73,49.82,10.35M
2025-12-24,KO,69.63 USD,+0.34%,N/A,N/A,N/A,N/A,N/A,69.42,69.68,69.27,69.63,4.52M
2025-12-24,T,24.12 USD,+0.82%,N/A,N/A,N/A,N/A,N/A,23.84,24.17,23.84,24.12,13.90M
2025-12-24,XOM,118.43 USD,-0.17%,N/A,N/A,N/A,N/A,N/A,118.54,119.26,118.33,118.43,6.14M
2025-12-26,AAPL,273.14 USD,-0.15%,N/A,N/A,N/A,N/A,N/A,273.90,275.11,272.60,273.14,21.52M
2025-12-26,AMD,214.99 USD,-0.02%,N/A,N/A,N/A,N/A,N/A,215.43,216.83,213.03,214.99,15.79M
2025-12-26,CAT,581.64 USD,-0.13%,N/A,N/A,N/A,N/A,N/A,581.85,582.47,577.30,581.64,"954,400"
2025-12-26,IONQ,46.00 USD,-7.67%,N/A,N/A,N/A,N/A,N/A,49.59,49.68,45.76,46.00,19.68M
2025-12-26,KO,69.39 USD,-0.34%,N/A,N/A,N/A,N/A,N/A,69.47,69.68,69.25,69.39,5.71M
2025-12-26,T,24.11 USD,-0.04%,N/A,N/A,N/A,N/A,N/A,24.07,24.23,24.05,24.11,16.07M
2025-12-26,XOM,118.32 USD,-0.09%,N/A,N/A,N/A,N/A,N/A,118.10,118.76,117.75,118.32,8.07M
2025-12-29,AAPL,273.50 USD,+0.13%,N/A,N/A,N/A,N/A,N/A,272.44,274.10,272.10,273.50,23.72M
2025-12-29,AMD,215.61 USD,+0.29%,N/A,N/A,N/A,N/A,N/A,211.58,216.05,209.24,215.61,20.33M
2025-12-29,CAT,577.26 USD,-0.75%,N/A,N/A,N/A,N/A,N/A,578.74,582.61,573.30,577.26,2.59M
2025-12-29,IONQ,45.25 USD,-1.63%,N/A,N/A,N/A,N/A,N/A,45.46,46.76,44.66,45.25,17.26M
2025-12-29,KO,69.68 USD,+0.42%,N/A,N/A,N/A,N/A,N/A,69.52,69.94,69.37,69.68,9.69M
2025-12-29,T,24.23 USD,+0.49%,N/A,N/A,N/A,N/A,N/A,24.14,24.40,24.14,24.23,30.32M
2025-12-29,XOM,119.73 USD,+1.19%,N/A,N/A,N/A,N/A,N/A,119.35,120.50,118.61,119.73,14.78M
2025-12-30,AAPL,272.82 USD,-0.25%,N/A,N/A,N/A,N/A,N/A,272.55,273.82,272.03,272.82,22.14M
2025-12-30,AMD,215.34 USD,-0.13%,N/A,N/A,N/A,N/A,N/A,215.87,216.82,214.33,215.34,16.41M
2025-12-30,CAT,576.04 USD,-0.21%,N/A,N/A,N/A,N/A,N/A,578.66,579.62,574.17,576.04,1.22M
2025-12-30,IONQ,45.31 USD,+0.13%,N/A,N/A,N/A,N/A,N/A,46.41,46.83,45.10,45.31,13.55M
2025-12-30,KO,69.59 USD,-0.13%,N/A,N/A,N/A,N/A,N/A,69.52,69.76,69.32,69.59,8.61M
2025-12-30,T,24.27 USD,+0.16%,N/A,N/A,N/A,N/A,N/A,24.23,24.32,24.19,24.27,21.05M
2025-12-30,XOM,120.19 USD,+0.38%,N/A,N/A,N/A,N/A,N/A,120.30,120.99,119.83,120.19,11.15M
2025-12-31,AAPL,271.61 USD,-0.45%,N/A,N/A,N/A,N/A,N/A,272.80,273.42,271.50,271.61,27.29M
2025-12-31,AMD,214.16 USD,-0.55%,N/A,N/A,N/A,N/A,N/A,215.82,217.64,213.80,214.16,17.59M
2025-12-31,CAT,571.53 USD,-0.78%,N/A,N/A,N/A,N/A,N/A,575.95,577.59,570.71,571.53,1.16M
2025-12-31,IONQ,44.87 USD,-0.97%,N/A,N/A,N/A,N/A,N/A,45.67,46.44,44.68,44.87,11.44M
2025-12-31,KO,69.43 USD,-0.23%,N/A,N/A,N/A,N/A,N/A,69.59,69.68,69.40,69.43,8.13M
2025-12-31,T,24.30 USD,+0.12%,N/A,N/A,N/A,N/A,N/A,24.25,24.43,24.24,24.30,22.91M
2025-12-31,XOM,119.54 USD,-0.54%,N/A,N/A,N/A,N/A,N/A,120.38,120.46,119.08,119.54,10.56M
2026-01-02,AAPL,270.76 USD,-0.31%,N/A,N/A,N/A,N/A,N/A,272.01,277.58,268.75,270.76,37.84M
2026-01-02,AMD,223.47 USD,+4.35%,N/A,N/A,N/A,N/A,N/A,218.90,227.15,218.90,223.47,36.45M
2026-01-02,CAT,597.01 USD,+4.46%,N/A,N/A,N/A,N/A,N/A,576.24,598.21,573.97,597.01,2.76M
2026-01-02,IONQ,46.77 USD,+4.23%,N/A,N/A,N/A,N/A,N/A,46.01,47.09,43.80,46.77,17.12M
2026-01-02,KO,68.65 USD,-1.13%,N/A,N/A,N/A,N/A,N/A,69.37,69.39,68.51,68.65,12.15M
2026-01-02,T,24.02 USD,-1.13%,N/A,N/A,N/A,N/A,N/A,24.25,24.27,23.97,24.02,28.72M
2026-01-02,XOM,121.84 USD,+1.92%,N/A,N/A,N/A,N/A,N/A,119.29,121.87,118.82,121.84,14.18M
2026-01-05,AAPL,267.01 USD,-1.38%,N/A,N/A,N/A,N/A,N/A,270.39,271.26,265.89,267.01,45.65M
2026-01-05,AMD,221.08 USD,-1.07%,N/A,N/A,N/A,N/A,N/A,230.25,234.02,220.48,221.08,31.94M
2026-01-05,CAT,614.66 USD,+2.96%,N/A,N/A,N/A,N/A,N/A,606.46,620.30,604.80,614.66,3.44M
2026-01-05,IONQ,48.71 USD,+4.15%,N/A,N/A,N/A,N/A,N/A,47.65,50.32,46.52,48.71,20.31M
2026-01-05,KO,67.48 USD,-1.71%,N/A,N/A,N/A,N/A,N/A,68.45,68.45,67.46,67.48,21.19M
2026-01-05,T,24.17 USD,+0.61%,N/A,N/A,N/A,N/A,N/A,23.88,24.21,23.84,24.17,48.96M
2026-01-05,XOM,124.53 USD,+2.21%,N/A,N/A,N/A,N/A,N/A,124.38,125.10,121.58,124.53,30.11M
2026-01-06,AAPL,262.11 USD,-1.83%,N/A,N/A,N/A,N/A,N/A,266.75,267.30,261.87,262.11,52.35M
2026-01-06,AMD,214.35 USD,-3.04%,N/A,N/A,N/A,N/A,N/A,222.71,222.92,211.25,214.35,40.03M
2026-01-06,CAT,621.64 USD,+1.13%,N/A,N/A,N/A,N/A,N/A,614.56,625.31,607.48,621.64,2.71M
2026-01-06,IONQ,50.76 USD,+4.21%,N/A,N/A,N/A,N/A,N/A,48.77,50.77,47.20,50.76,16.94M
2026-01-06,KO,67.38 USD,-0.15%,N/A,N/A,N/A,N/A,N/A,67.55,67.78,67.13,67.38,21.02M
2026-01-06,T,23.81 USD,-1.50%,N/A,N/A,N/A,N/A,N/A,23.98,23.99,23.35,23.81,59.97M
2026-01-06,XOM,120.25 USD,-3.44%,N/A,N/A,N/A,N/A,N/A,124.52,124.97,120.20,120.25,23.33M
2026-01-07,AAPL,260.09 USD,-0.77%,N/A,N/A,N/A,N/A,N/A,262.95,263.43,259.57,260.09,48.31M
2026-01-07,AMD,210.02 USD,-2.02%,N/A,N/A,N/A,N/A,N/A,212.13,212.13,207.17,210.02,29.72M
2026-01-07,CAT,595.13 USD,-4.26%,N/A,N/A,N/A,N/A,N/A,621.55,623.54,594.39,595.13,3.31M
2026-01-07,IONQ,49.78 USD,-1.93%,N/A,N/A,N/A,N/A,N/A,50.00,51.86,49.32,49.78,14.30M
2026-01-07,KO,67.08 USD,-0.44%,N/A,N/A,N/A,N/A,N/A,67.53,67.61,66.81,67.08,20.22M
2026-01-07,T,23.45 USD,-1.52%,N/A,N/A,N/A,N/A,N/A,23.91,24.01,23.38,23.45,47.00M
2026-01-07,XOM,117.71 USD,-2.11%,N/A,N/A,N/A,N/A,N/A,119.01,119.32,117.49,117.71,20.35M
2026-01-08,AAPL,258.80 USD,-0.50%,N/A,N/A,N/A,N/A,N/A,256.78,259.05,255.46,258.80,50.42M
2026-01-08,AMD,204.68 USD,-2.54%,N/A,N/A,N/A,N/A,N/A,210.90,210.94,203.33,204.68,27.50M
2026-01-08,CAT,606.71 USD,+1.95%,N/A,N/A,N/A,N/A,N/A,595.13,608.16,592.78,606.71,2.08M
2026-01-08,IONQ,50.45 USD,+1.35%,N/A,N/A,N/A,N/A,N/A,49.62,52.51,48.50,50.45,16.62M
2026-01-08,KO,68.90 USD,+2.71%,N/A,N/A,N/A,N/A,N/A,67.08,68.99,66.99,68.90,19.24M
2026-01-08,T,23.64 USD,+0.83%,N/A,N/A,N/A,N/A,N/A,23.47,23.79,23.46,23.64,43.77M
2026-01-08,XOM,122.10 USD,+3.73%,N/A,N/A,N/A,N/A,N/A,118.19,122.81,117.87,122.10,20.23M
2026-01-09,AAPL,259.13 USD,+0.13%,N/A,N/A,N/A,N/A,N/A,258.84,259.97,255.98,259.13,40.00M
2026-01-09,AMD,203.17 USD,-0.74%,N/A,N/A,N/A,N/A,N/A,205.72,207.30,203.07,203.17,24.22M
2026-01-09,CAT,616.18 USD,+1.56%,N/A,N/A,N/A,N/A,N/A,608.55,617.70,606.78,616.18,1.82M
2026-01-09,IONQ,49.45 USD,-1.98%,N/A,N/A,N/A,N/A,N/A,51.45,52.62,49.28,49.45,13.69M
2026-01-09,KO,70.03 USD,+1.64%,N/A,N/A,N/A,N/A,N/A,68.96,70.18,68.65,70.03,19.64M
2026-01-09,T,23.47 USD,-0.74%,N/A,N/A,N/A,N/A,N/A,23.62,23.79,23.46,23.47,30.81M
2026-01-09,XOM,123.78 USD,+1.38%,N/A,N/A,N/A,N/A,N/A,122.41,124.03,122.28,123.78,16.14M
2026-01-12,AAPL,260.01 USD,+0.34%,N/A,N/A,N/A,N/A,N/A,258.92,261.06,256.56,260.01,45.26M
2026-01-12,AMD,207.69 USD,+2.22%,N/A,N/A,N/A,N/A,N/A,201.18,209.88,199.80,207.69,27.29M
2026-01-12,CAT,628.30 USD,+1.97%,N/A,N/A,N/A,N/A,N/A,613.22,629.51,611.53,628.30,1.86M
2026-01-12,IONQ,50.95 USD,+3.03%,N/A,N/A,N/A,N/A,N/A,48.59,51.02,47.78,50.95,16.78M
2026-01-12,KO,70.02 USD,-0.01%,N/A,N/A,N/A,N/A,N/A,70.42,70.49,69.76,70.02,20.58M
2026-01-12,T,23.49 USD,+0.12%,N/A,N/A,N/A,N/A,N/A,23.51,23.65,23.38,23.49,40.70M
2026-01-12,XOM,123.21 USD,-0.47%,N/A,N/A,N/A,N/A,N/A,123.64,123.68,121.75,123.21,15.31M
2026-01-13,AAPL,260.81 USD,+0.31%,N/A,N/A,N/A,N/A,N/A,258.48,261.57,258.15,260.81,45.73M
2026-01-13,AMD,220.97 USD,+6.39%,N/A,N/A,N/A,N/A,N/A,215.10,223.11,214.98,220.97,56.89M
2026-01-13,CAT,635.04 USD,+1.07%,N/A,N/A,N/A,N/A,N/A,631.72,643.09,631.52,635.04,1.96M
2026-01-13,IONQ,48.94 USD,-3.95%,N/A,N/A,N/A,N/A,N/A,51.16,51.92,47.98,48.94,14.49M
2026-01-13,KO,70.75 USD,+1.05%,N/A,N/A,N/A,N/A,N/A,69.94,70.75,69.79,70.75,18.32M
2026-01-13,T,23.06 USD,-1.85%,N/A,N/A,N/A,N/A,N/A,23.44,23.50,22.95,23.06,40.89M
2026-01-13,XOM,125.70 USD,+2.02%,N/A,N/A,N/A,N/A,N/A,124.17,126.30,123.98,125.70,21.62M
2026-01-14,AAPL,259.72 USD,-0.42%,N/A,N/A,N/A,N/A,N/A,259.25,261.58,256.47,259.72,40.02M
2026-01-14,AMD,223.60 USD,+1.19%,N/A,N/A,N/A,N/A,N/A,217.54,224.09,215.11,223.60,40.47M
2026-01-14,CAT,637.26 USD,+0.35%,N/A,N/A,N/A,N/A,N/A,632.62,638.24,621.62,637.26,2.11M
2026-01-14,IONQ,50.88 USD,+3.96%,N/A,N/A,N/A,N/A,N/A,48.54,50.92,47.33,50.88,16.60M
2026-01-14,KO,70.95 USD,+0.28%,N/A,N/A,N/A,N/A,N/A,70.68,71.22,70.33,70.95,16.74M
2026-01-14,T,23.37 USD,+1.33%,N/A,N/A,N/A,N/A,N/A,23.09,23.47,23.09,23.37,51.41M
2026-01-14,XOM,129.34 USD,+2.89%,N/A,N/A,N/A,N/A,N/A,126.51,130.85,126.29,129.34,27.59M
2026-01-15,AAPL,257.97 USD,-0.67%,N/A,N/A,N/A,N/A,N/A,260.41,260.80,256.81,257.97,39.39M
2026-01-15,AMD,227.92 USD,+1.93%,N/A,N/A,N/A,N/A,N/A,227.90,238.35,227.22,227.92,55.27M
2026-01-15,CAT,645.67 USD,+1.32%,N/A,N/A,N/A,N/A,N/A,643.43,650.84,642.54,645.67,2.05M
2026-01-15,IONQ,47.56 USD,-6.53%,N/A,N/A,N/A,N/A,N/A,51.28,51.58,47.54,47.56,21.02M
2026-01-15,KO,70.00 USD,-1.34%,N/A,N/A,N/A,N/A,N/A,71.10,71.11,69.89,70.00,15.46M
2026-01-15,T,23.48 USD,+0.51%,N/A,N/A,N/A,N/A,N/A,23.37,23.55,23.26,23.48,35.92M
2026-01-15,XOM,128.28 USD,-0.82%,N/A,N/A,N/A,N/A,N/A,128.28,129.34,127.45,128.28,17.40M
2026-01-16,AAPL,255.29 USD,-1.04%,N/A,N/A,N/A,N/A,N/A,257.66,258.66,254.69,255.29,72.14M
2026-01-16,AMD,231.83 USD,+1.72%,N/A,N/A,N/A,N/A,N/A,234.30,234.49,228.86,231.83,42.55M
2026-01-16,CAT,645.38 USD,-0.04%,N/A,N/A,N/A,N/A,N/A,650.45,654.15,639.51,645.38,2.55M
2026-01-16,IONQ,50.80 USD,+6.81%,N/A,N/A,N/A,N/A,N/A,48.09,51.89,47.52,50.80,23.27M
2026-01-16,KO,69.96 USD,-0.06%,N/A,N/A,N/A,N/A,N/A,69.81,70.26,69.56,69.96,20.03M
2026-01-16,T,23.25 USD,-1.01%,N/A,N/A,N/A,N/A,N/A,23.41,23.41,23.15,23.25,46.50M
2026-01-16,XOM,129.03 USD,+0.59%,N/A,N/A,N/A,N/A,N/A,128.06,129.30,128.02,129.03,16.59M
2026-01-20,AAPL,246.47 USD,-3.46%,N/A,N/A,N/A,N/A,N/A,252.49,254.55,243.19,246.47,80.27M
2026-01-20,AMD,231.92 USD,+0.04%,N/A,N/A,N/A,N/A,N/A,226.08,239.50,225.41,231.92,44.33M
2026-01-20,CAT,629.00 USD,-2.54%,N/A,N/A,N/A,N/A,N/A,642.00,644.10,625.12,629.00,2.66M
2026-01-20,IONQ,50.66 USD,-0.28%,N/A,N/A,N/A,N/A,N/A,49.28,54.24,48.56,50.66,24.57M
2026-01-20,KO,71.26 USD,+1.86%,N/A,N/A,N/A,N/A,N/A,69.52,71.29,69.31,71.26,22.15M
2026-01-20,T,23.21 USD,-0.17%,N/A,N/A,N/A,N/A,N/A,23.13,23.36,23.04,23.21,51.78M
2026-01-20,XOM,129.60 USD,+0.44%,N/A,N/A,N/A,N/A,N/A,130.64,131.07,129.21,129.60,16.48M
2026-01-21,AAPL,247.42 USD,+0.39%,N/A,N/A,N/A,N/A,N/A,248.47,251.32,244.95,247.42,54.64M
2026-01-21,AMD,249.80 USD,+7.71%,N/A,N/A,N/A,N/A,N/A,235.99,252.90,235.78,249.80,62.39M
2026-01-21,CAT,645.38 USD,+2.60%,N/A,N/A,N/A,N/A,N/A,633.67,647.20,627.32,645.38,2.49M
2026-01-21,IONQ,48.33 USD,-4.60%,N/A,N/A,N/A,N/A,N/A,51.71,52.66,45.69,48.33,31.82M
2026-01-21,KO,71.52 USD,+0.36%,N/A,N/A,N/A,N/A,N/A,71.49,71.75,70.35,71.52,21.66M
2026-01-21,T,23.26 USD,+0.21%,N/A,N/A,N/A,N/A,N/A,23.23,23.54,23.23,23.26,40.67M
2026-01-21,XOM,132.73 USD,+2.41%,N/A,N/A,N/A,N/A,N/A,131.04,132.84,131.04,132.73,18.88M
2026-01-22,AAPL,248.12 USD,+0.28%,N/A,N/A,N/A,N/A,N/A,248.97,250.77,247.92,248.12,39.71M
2026-01-22,AMD,253.73 USD,+1.57%,N/A,N/A,N/A,N/A,N/A,251.75,256.08,246.63,253.73,37.95M
2026-01-22,CAT,648.41 USD,+0.47%,N/A,N/A,N/A,N/A,N/A,649.11,655.78,640.90,648.41,1.57M
2026-01-22,IONQ,49.33 USD,+2.07%,N/A,N/A,N/A,N/A,N/A,49.14,50.18,47.94,49.33,17.66M
2026-01-22,KO,71.38 USD,-0.19%,N/A,N/A,N/A,N/A,N/A,71.34,71.55,70.95,71.38,13.96M
2026-01-22,T,23.34 USD,+0.34%,N/A,N/A,N/A,N/A,N/A,23.33,23.58,23.26,23.34,30.39M
2026-01-22,XOM,132.76 USD,+0.02%,N/A,N/A,N/A,N/A,N/A,132.17,133.29,130.98,132.76,16.60M
2026-01-23,AAPL,247.81 USD,-0.12%,N/A,N/A,N/A,N/A,N/A,247.09,249.18,244.45,247.81,41.69M
2026-01-23,AMD,259.68 USD,+2.35%,N/A,N/A,N/A,N/A,N/A,261.18,266.96,256.25,259.68,47.53M
2026-01-23,CAT,626.62 USD,-3.36%,N/A,N/A,N/A,N/A,N/A,644.12,646.50,623.57,626.62,2.27M
2026-01-23,IONQ,47.25 USD,-4.22%,N/A,N/A,N/A,N/A,N/A,49.24,49.51,46.60,47.25,14.73M
2026-01-23,KO,72.38 USD,+1.41%,N/A,N/A,N/A,N/A,N/A,71.53,72.56,71.29,72.38,18.31M
2026-01-23,T,23.35 USD,+0.04%,N/A,N/A,N/A,N/A,N/A,23.26,23.41,23.06,23.35,36.06M
2026-01-23,XOM,134.08 USD,+1.00%,N/A,N/A,N/A,N/A,N/A,134.20,135.08,133.59,134.08,17.76M
2026-01-26,AAPL,255.17 USD,+2.97%,N/A,N/A,N/A,N/A,N/A,251.24,256.32,249.57,255.17,55.97M
2026-01-26,AMD,251.31 USD,-3.22%,N/A,N/A,N/A,N/A,N/A,256.75,258.29,250.30,251.31,30.67M
2026-01-26,CAT,635.92 USD,+1.48%,N/A,N/A,N/A,N/A,N/A,628.00,639.00,619.26,635.92,2.53M
2026-01-26,IONQ,43.37 USD,-8.21%,N/A,N/A,N/A,N/A,N/A,48.32,50.59,42.84,43.37,39.55M
2026-01-26,KO,72.06 USD,-0.44%,N/A,N/A,N/A,N/A,N/A,72.36,72.80,72.04,72.06,14.02M
2026-01-26,T,23.21 USD,-0.59%,N/A,N/A,N/A,N/A,N/A,23.45,23.55,23.12,23.21,44.38M
2026-01-26,XOM,133.95 USD,-0.10%,N/A,N/A,N/A,N/A,N/A,136.02,136.03,133.28,133.95,16.06M
2026-01-27,AAPL,258.03 USD,+1.12%,N/A,N/A,N/A,N/A,N/A,258.93,261.71,257.97,258.03,49.65M
2026-01-27,AMD,252.03 USD,+0.29%,N/A,N/A,N/A,N/A,N/A,252.16,255.55,247.96,252.03,25.69M
2026-01-27,CAT,638.91 USD,+0.47%,N/A,N/A,N/A,N/A,N/A,640.00,644.13,633.23,638.91,1.83M
2026-01-27,IONQ,45.49 USD,+4.89%,N/A,N/A,N/A,N/A,N/A,44.56,46.44,43.03,45.49,25.18M
2026-01-27,KO,73.05 USD,+1.36%,N/A,N/A,N/A,N/A,N/A,71.95,73.06,71.78,73.05,13.24M
2026-01-27,T,22.76 USD,-1.92%,N/A,N/A,N/A,N/A,N/A,23.26,23.26,22.71,22.76,72.16M
2026-01-27,XOM,135.92 USD,+1.48%,N/A,N/A,N/A,N/A,N/A,134.35,136.02,133.82,135.92,14.52M
2026-01-28,AAPL,256.20 USD,-0.71%,N/A,N/A,N/A,N/A,N/A,257.41,258.62,254.27,256.20,41.29M
2026-01-28,AMD,252.74 USD,+0.28%,N/A,N/A,N/A,N/A,N/A,254.13,257.40,250.21,252.74,27.06M
2026-01-28,CAT,643.28 USD,+0.68%,N/A,N/A,N/A,N/A,N/A,637.97,647.28,628.98,643.28,2.72M
2026-01-28,IONQ,45.80 USD,+0.68%,N/A,N/A,N/A,N/A,N/A,46.22,46.90,45.00,45.80,18.95M
2026-01-28,KO,72.56 USD,-0.67%,N/A,N/A,N/A,N/A,N/A,72.71,73.12,72.07,72.56,14.63M
2026-01-28,T,23.82 USD,+4.65%,N/A,N/A,N/A,N/A,N/A,23.18,24.08,23.12,23.82,84.12M
2026-01-28,XOM,136.67 USD,+0.55%,N/A,N/A,N/A,N/A,N/A,136.78,137.10,135.77,136.67,15.64M
2026-01-29,AAPL,258.04 USD,+0.72%,N/A,N/A,N/A,N/A,N/A,257.76,259.41,254.17,258.04,67.25M
2026-01-29,AMD,252.18 USD,-0.22%,N/A,N/A,N/A,N/A,N/A,254.66,260.53,240.91,252.18,31.69M
2026-01-29,CAT,665.24 USD,+3.41%,N/A,N/A,N/A,N/A,N/A,655.17,679.99,642.73,665.24,4.44M
2026-01-29,IONQ,43.24 USD,-5.59%,N/A,N/A,N/A,N/A,N/A,45.86,45.86,42.16,43.24,22.23M
2026-01-29,KO,72.93 USD,+0.51%,N/A,N/A,N/A,N/A,N/A,72.68,73.58,72.64,72.93,20.86M
2026-01-29,T,24.87 USD,+4.40%,N/A,N/A,N/A,N/A,N/A,24.20,24.87,24.18,24.87,73.26M
2026-01-29,XOM,139.58 USD,+2.13%,N/A,N/A,N/A,N/A,N/A,139.39,141.40,138.19,139.58,35.76M
2026-01-30,AAPL,259.24 USD,+0.46%,N/A,N/A,N/A,N/A,N/A,254.93,261.66,251.94,259.24,92.44M
2026-01-30,AMD,236.73 USD,-6.13%,N/A,N/A,N/A,N/A,N/A,236.93,245.24,234.55,236.73,40.04M
2026-01-30,CAT,657.36 USD,-1.18%,N/A,N/A,N/A,N/A,N/A,655.65,677.83,650.31,657.36,3.30M
2026-01-30,IONQ,39.98 USD,-7.54%,N/A,N/A,N/A,N/A,N/A,43.40,43.49,38.92,39.98,23.74M
2026-01-30,KO,74.30 USD,+1.88%,N/A,N/A,N/A,N/A,N/A,73.21,74.39,73.04,74.30,26.42M
2026-01-30,T,25.94 USD,+4.30%,N/A,N/A,N/A,N/A,N/A,25.24,26.02,24.89,25.94,78.23M
2026-01-30,XOM,140.46 USD,+0.63%,N/A,N/A,N/A,N/A,N/A,137.82,141.27,136.92,140.46,29.66M
2026-02-02,AAPL,269.76 USD,+4.06%,N/A,N/A,N/A,N/A,N/A,259.79,270.24,258.97,269.76,73.91M
2026-02-02,AMD,246.27 USD,+4.03%,N/A,N/A,N/A,N/A,N/A,235.77,249.97,235.00,246.27,36.31M
2026-02-02,CAT,690.91 USD,+5.10%,N/A,N/A,N/A,N/A,N/A,659.82,691.38,657.43,690.91,4.45M
2026-02-02,IONQ,38.56 USD,-3.55%,N/A,N/A,N/A,N/A,N/A,40.63,40.73,37.72,38.56,21.60M
2026-02-02,KO,74.82 USD,+0.70%,N/A,N/A,N/A,N/A,N/A,74.50,75.18,73.89,74.82,19.30M
2026-02-02,T,26.03 USD,+0.34%,N/A,N/A,N/A,N/A,N/A,26.02,26.36,25.92,26.03,66.56M
2026-02-02,XOM,137.48 USD,-2.12%,N/A,N/A,N/A,N/A,N/A,138.90,139.39,137.15,137.48,27.74M
2026-02-03,AAPL,269.23 USD,-0.20%,N/A,N/A,N/A,N/A,N/A,268.95,271.63,267.36,269.23,64.39M
2026-02-03,AMD,242.11 USD,-1.69%,N/A,N/A,N/A,N/A,N/A,251.55,252.65,237.04,242.11,53.10M
2026-02-03,CAT,702.89 USD,+1.73%,N/A,N/A,N/A,N/A,N/A,694.36,710.03,691.40,702.89,3.52M
2026-02-03,IONQ,38.47 USD,-0.23%,N/A,N/A,N/A,N/A,N/A,39.61,39.82,36.63,38.47,19.97M
2026-02-03,KO,76.36 USD,+2.07%,N/A,N/A,N/A,N/A,N/A,74.76,76.97,74.62,76.36,27.01M
2026-02-03,T,26.55 USD,+2.02%,N/A,N/A,N/A,N/A,N/A,25.84,26.71,25.84,26.55,61.11M
2026-02-03,XOM,142.78 USD,+3.85%,N/A,N/A,N/A,N/A,N/A,137.72,144.05,137.39,142.78,37.58M
2026-02-04,AAPL,276.23 USD,+2.60%,N/A,N/A,N/A,N/A,N/A,272.04,278.69,272.04,276.23,90.55M
2026-02-04,AMD,200.19 USD,-17.31%,N/A,N/A,N/A,N/A,N/A,215.00,218.58,199.15,200.19,107.17M
2026-02-04,CAT,691.82 USD,-1.57%,N/A,N/A,N/A,N/A,N/A,707.00,723.16,675.00,691.82,7.15M
2026-02-04,IONQ,35.34 USD,-8.14%,N/A,N/A,N/A,N/A,N/A,38.50,38.55,33.63,35.34,32.38M
2026-02-04,KO,76.82 USD,+0.60%,N/A,N/A,N/A,N/A,N/A,76.74,77.58,76.55,76.82,28.61M
2026-02-04,T,26.94 USD,+1.45%,N/A,N/A,N/A,N/A,N/A,26.81,27.22,26.61,26.94,52.45M
2026-02-04,XOM,146.61 USD,+2.69%,N/A,N/A,N/A,N/A,N/A,143.17,146.86,143.17,146.61,29.43M
2026-02-05,AAPL,275.65 USD,-0.21%,N/A,N/A,N/A,N/A,N/A,277.87,279.24,272.97,275.65,52.98M
2026-02-05,AMD,192.50 USD,-3.84%,N/A,N/A,N/A,N/A,N/A,201.86,204.04,190.72,192.50,62.20M
2026-02-05,CAT,678.31 USD,-1.95%,N/A,N/A,N/A,N/A,N/A,681.54,686.50,665.07,678.31,2.79M
2026-02-05,IONQ,30.43 USD,-13.89%,N/A,N/A,N/A,N/A,N/A,33.92,34.38,29.99,30.43,33.12M
2026-02-05,KO,77.97 USD,+1.50%,N/A,N/A,N/A,N/A,N/A,77.29,78.32,77.06,77.97,21.63M
2026-02-05,T,27.03 USD,+0.33%,N/A,N/A,N/A,N/A,N/A,27.12,27.23,26.68,27.03,44.67M
2026-02-05,XOM,145.11 USD,-1.02%,N/A,N/A,N/A,N/A,N/A,145.61,145.76,142.85,145.11,18.43M
2026-02-06,AAPL,277.86 USD,+0.80%,N/A,N/A,N/A,N/A,N/A,276.86,280.65,276.67,277.86,50.45M
2026-02-06,AMD,208.44 USD,+8.28%,N/A,N/A,N/A,N/A,N/A,197.13,209.27,196.43,208.44,54.50M
2026-02-06,CAT,726.20 USD,+7.06%,N/A,N/A,N/A,N/A,N/A,692.57,727.40,690.52,726.20,3.36M
2026-02-06,IONQ,34.99 USD,+14.99%,N/A,N/A,N/A,N/A,N/A,31.90,36.10,31.34,34.99,32.51M
2026-02-06,KO,78.49 USD,+0.66%,N/A,N/A,N/A,N/A,N/A,77.96,78.66,77.73,78.49,18.51M
2026-02-06,T,26.85 USD,-0.66%,N/A,N/A,N/A,N/A,N/A,26.98,27.10,26.65,26.85,37.41M
2026-02-06,XOM,148.06 USD,+2.03%,N/A,N/A,N/A,N/A,N/A,145.65,148.58,145.12,148.06,17.22M
2026-02-09,AAPL,274.62 USD,-1.17%,N/A,N/A,N/A,N/A,N/A,277.91,278.20,271.70,274.62,44.62M
2026-02-09,AMD,216.00 USD,+3.63%,N/A,N/A,N/A,N/A,N/A,206.90,217.60,204.15,216.00,38.81M
2026-02-09,CAT,742.12 USD,+2.19%,N/A,N/A,N/A,N/A,N/A,724.50,743.50,721.61,742.12,2.50M
2026-02-09,IONQ,35.48 USD,+1.40%,N/A,N/A,N/A,N/A,N/A,34.67,35.64,33.66,35.48,16.62M
2026-02-09,KO,77.44 USD,-1.34%,N/A,N/A,N/A,N/A,N/A,78.13,78.57,77.01,77.44,23.42M
2026-02-09,T,26.83 USD,-0.07%,N/A,N/A,N/A,N/A,N/A,26.82,26.92,26.55,26.83,33.06M
2026-02-09,XOM,150.21 USD,+1.45%,N/A,N/A,N/A,N/A,N/A,148.27,150.55,147.65,150.21,21.30M
2026-02-10,AAPL,273.68 USD,-0.34%,N/A,N/A,N/A,N/A,N/A,274.89,275.37,272.94,273.68,34.38M
2026-02-10,AMD,213.57 USD,-1.12%,N/A,N/A,N/A,N/A,N/A,215.14,219.39,213.13,213.57,25.33M
2026-02-10,CAT,742.37 USD,+0.03%,N/A,N/A,N/A,N/A,N/A,742.75,752.00,737.67,742.37,4.01M
2026-02-10,IONQ,35.19 USD,-0.82%,N/A,N/A,N/A,N/A,N/A,35.10,36.57,34.81,35.19,13.81M
2026-02-10,KO,76.29 USD,-1.49%,N/A,N/A,N/A,N/A,N/A,76.11,76.98,75.49,76.29,28.85M
2026-02-10,T,27.13 USD,+1.11%,N/A,N/A,N/A,N/A,N/A,26.80,27.30,26.80,27.13,34.93M
2026-02-10,XOM,150.59 USD,+0.25%,N/A,N/A,N/A,N/A,N/A,150.35,150.78,148.83,150.59,15.80M
2026-02-11,AAPL,275.50 USD,+0.67%,N/A,N/A,N/A,N/A,N/A,274.70,280.18,274.45,275.50,51.93M
2026-02-11,AMD,213.58 USD,+0.00%,N/A,N/A,N/A,N/A,N/A,217.88,219.65,209.21,213.58,33.38M
2026-02-11,CAT,775.00 USD,+4.40%,N/A,N/A,N/A,N/A,N/A,758.68,775.54,756.10,775.00,3.93M
2026-02-11,IONQ,33.61 USD,-4.49%,N/A,N/A,N/A,N/A,N/A,36.05,36.06,33.01,33.61,16.06M
2026-02-11,KO,78.06 USD,+2.33%,N/A,N/A,N/A,N/A,N/A,76.35,78.51,76.06,78.06,22.65M
2026-02-11,T,28.18 USD,+3.87%,N/A,N/A,N/A,N/A,N/A,27.00,28.30,26.86,28.18,64.21M
2026-02-11,XOM,154.53 USD,+2.62%,N/A,N/A,N/A,N/A,N/A,152.95,155.89,152.55,154.53,23.09M
2026-02-12,AAPL,261.73 USD,-5.00%,N/A,N/A,N/A,N/A,N/A,275.59,275.72,260.18,261.73,81.08M
2026-02-12,AMD,205.94 USD,-3.58%,N/A,N/A,N/A,N/A,N/A,215.83,218.46,205.14,205.94,32.18M
2026-02-12,CAT,758.29 USD,-2.16%,N/A,N/A,N/A,N/A,N/A,776.69,789.81,756.01,758.29,4.89M
2026-02-12,IONQ,31.30 USD,-6.87%,N/A,N/A,N/A,N/A,N/A,33.70,33.70,30.89,31.30,18.12M
2026-02-12,KO,78.46 USD,+0.51%,N/A,N/A,N/A,N/A,N/A,78.44,79.86,78.25,78.46,26.04M
2026-02-12,T,28.50 USD,+1.16%,N/A,N/A,N/A,N/A,N/A,28.19,29.00,28.17,28.50,70.55M
2026-02-12,XOM,149.93 USD,-2.98%,N/A,N/A,N/A,N/A,N/A,153.89,155.25,149.88,149.93,30.65M
2026-02-13,AAPL,255.78 USD,-2.27%,N/A,N/A,N/A,N/A,N/A,262.01,262.23,255.45,255.78,56.29M
2026-02-13,AMD,207.32 USD,+0.67%,N/A,N/A,N/A,N/A,N/A,204.02,210.05,203.88,207.32,26.12M
2026-02-13,CAT,774.20 USD,+2.10%,N/A,N/A,N/A,N/A,N/A,765.00,784.00,747.42,774.20,3.23M
2026-02-13,IONQ,34.11 USD,+8.98%,N/A,N/A,N/A,N/A,N/A,32.31,34.65,30.85,34.11,21.57M
2026-02-13,KO,78.14 USD,-0.41%,N/A,N/A,N/A,N/A,N/A,77.91,78.86,77.60,78.14,16.71M
2026-02-13,T,28.39 USD,-0.38%,N/A,N/A,N/A,N/A,N/A,28.38,28.54,28.12,28.39,42.69M
2026-02-13,XOM,148.45 USD,-0.99%,N/A,N/A,N/A,N/A,N/A,150.55,151.66,147.98,148.45,20.17M
2026-02-17,AAPL,263.88 USD,+3.17%,N/A,N/A,N/A,N/A,N/A,258.05,266.29,255.54,263.88,58.47M
2026-02-17,AMD,203.08 USD,-2.05%,N/A,N/A,N/A,N/A,N/A,202.15,205.30,194.83,203.08,33.71M
2026-02-17,CAT,764.76 USD,-1.22%,N/A,N/A,N/A,N/A,N/A,765.00,774.42,750.00,764.76,3.45M
2026-02-17,IONQ,33.18 USD,-2.73%,N/A,N/A,N/A,N/A,N/A,33.48,34.32,31.85,33.18,13.74M
2026-02-17,KO,79.02 USD,+1.12%,N/A,N/A,N/A,N/A,N/A,78.45,79.10,78.20,79.02,16.26M
2026-02-17,T,28.38 USD,-0.03%,N/A,N/A,N/A,N/A,N/A,28.46,28.76,28.33,28.38,29.87M
2026-02-17,XOM,146.19 USD,-1.52%,N/A,N/A,N/A,N/A,N/A,148.20,149.13,145.15,146.19,19.77M
2026-02-18,AAPL,264.35 USD,+0.18%,N/A,N/A,N/A,N/A,N/A,263.60,266.82,262.45,264.35,34.20M
2026-02-18,AMD,200.12 USD,-1.46%,N/A,N/A,N/A,N/A,N/A,198.41,203.20,195.00,200.12,35.66M
2026-02-18,CAT,751.97 USD,-1.67%,N/A,N/A,N/A,N/A,N/A,765.11,772.70,750.38,751.97,2.56M
2026-02-18,IONQ,33.34 USD,+0.48%,N/A,N/A,N/A,N/A,N/A,33.33,34.88,32.39,33.34,13.37M
2026-02-18,KO,78.95 USD,-0.09%,N/A,N/A,N/A,N/A,N/A,78.96,79.29,78.38,78.95,16.30M
2026-02-18,T,27.59 USD,-2.79%,N/A,N/A,N/A,N/A,N/A,28.33,28.42,27.53,27.59,33.18M
2026-02-18,XOM,150.68 USD,+3.07%,N/A,N/A,N/A,N/A,N/A,148.15,150.98,147.61,150.68,19.85M
2026-02-19,AAPL,260.58 USD,-1.43%,N/A,N/A,N/A,N/A,N/A,262.60,264.48,260.05,260.58,30.85M
2026-02-19,AMD,203.37 USD,+1.62%,N/A,N/A,N/A,N/A,N/A,200.11,204.10,198.29,203.37,25.84M
2026-02-19,CAT,760.53 USD,+1.14%,N/A,N/A,N/A,N/A,N/A,752.00,762.00,744.15,760.53,2.91M
2026-02-19,IONQ,33.43 USD,+0.27%,N/A,N/A,N/A,N/A,N/A,32.72,33.58,31.98,33.43,13.72M
2026-02-19,KO,78.37 USD,-0.73%,N/A,N/A,N/A,N/A,N/A,78.92,79.13,78.05,78.37,14.92M
2026-02-19,T,27.59 USD,+0.00%,N/A,N/A,N/A,N/A,N/A,27.73,28.11,27.44,27.59,31.22M
2026-02-19,XOM,150.97 USD,+0.19%,N/A,N/A,N/A,N/A,N/A,152.20,153.38,150.84,150.97,20.30M
2026-02-20,AAPL,264.58 USD,+1.54%,N/A,N/A,N/A,N/A,N/A,258.97,264.75,258.16,264.58,42.07M
2026-02-20,AMD,200.15 USD,-1.58%,N/A,N/A,N/A,N/A,N/A,200.12,204.87,198.56,200.15,36.32M
2026-02-20,CAT,759.74 USD,-0.10%,N/A,N/A,N/A,N/A,N/A,755.00,771.97,752.11,759.74,2.10M
2026-02-20,IONQ,31.90 USD,-4.58%,N/A,N/A,N/A,N/A,N/A,32.67,33.88,31.38,31.90,15.80M
2026-02-20,KO,79.29 USD,+1.18%,N/A,N/A,N/A,N/A,N/A,78.79,79.29,78.35,79.29,17.18M
2026-02-20,T,27.69 USD,+0.36%,N/A,N/A,N/A,N/A,N/A,27.66,27.77,27.25,27.69,25.38M
2026-02-20,XOM,147.28 USD,-2.44%,N/A,N/A,N/A,N/A,N/A,150.49,150.81,146.46,147.28,25.91M
2026-02-23,AAPL,266.18 USD,+0.60%,N/A,N/A,N/A,N/A,N/A,263.49,269.43,263.38,266.18,37.31M
2026-02-23,AMD,196.60 USD,-1.77%,N/A,N/A,N/A,N/A,N/A,198.09,199.38,194.15,196.60,28.19M
2026-02-23,CAT,756.47 USD,-0.43%,N/A,N/A,N/A,N/A,N/A,758.95,767.98,752.78,756.47,2.29M
2026-02-23,IONQ,30.78 USD,-3.51%,N/A,N/A,N/A,N/A,N/A,31.02,31.67,30.17,30.78,14.58M
2026-02-23,KO,80.01 USD,+0.90%,N/A,N/A,N/A,N/A,N/A,78.98,80.30,78.96,80.01,17.16M
2026-02-23,T,28.22 USD,+1.93%,N/A,N/A,N/A,N/A,N/A,27.75,28.53,27.74,28.22,41.17M
2026-02-23,XOM,150.76 USD,+2.36%,N/A,N/A,N/A,N/A,N/A,148.15,151.27,148.13,150.76,16.07M
2026-02-24,AAPL,272.14 USD,+2.24%,N/A,N/A,N/A,N/A,N/A,267.86,274.89,267.71,272.14,47.01M
2026-02-24,AMD,213.84 USD,+8.77%,N/A,N/A,N/A,N/A,N/A,211.63,216.71,206.50,213.84,81.37M
2026-02-24,CAT,768.23 USD,+1.55%,N/A,N/A,N/A,N/A,N/A,755.00,773.94,751.69,768.23,2.62M
2026-02-24,IONQ,31.62 USD,+2.73%,N/A,N/A,N/A,N/A,N/A,31.09,31.96,30.19,31.62,15.05M
2026-02-24,KO,80.17 USD,+0.20%,N/A,N/A,N/A,N/A,N/A,79.99,80.54,79.30,80.17,16.45M
2026-02-24,T,28.06 USD,-0.60%,N/A,N/A,N/A,N/A,N/A,28.22,28.50,27.90,28.06,34.54M
2026-02-24,XOM,149.26 USD,-0.99%,N/A,N/A,N/A,N/A,N/A,150.42,150.72,148.03,149.26,14.19M
2026-02-25,AAPL,274.23 USD,+0.77%,N/A,N/A,N/A,N/A,N/A,271.78,274.94,271.05,274.23,33.71M
2026-02-25,AMD,210.86 USD,-1.39%,N/A,N/A,N/A,N/A,N/A,214.82,216.70,210.33,210.86,44.59M
2026-02-25,CAT,766.61 USD,-0.21%,N/A,N/A,N/A,N/A,N/A,772.50,777.60,756.74,766.61,2.61M
2026-02-25,IONQ,33.59 USD,+6.23%,N/A,N/A,N/A,N/A,N/A,32.19,34.40,31.84,33.59,26.86M
2026-02-25,KO,79.92 USD,-0.31%,N/A,N/A,N/A,N/A,N/A,79.85,80.14,79.02,79.92,18.09M
2026-02-25,T,27.58 USD,-1.69%,N/A,N/A,N/A,N/A,N/A,27.74,28.00,27.41,27.58,45.55M
2026-02-25,XOM,149.06 USD,-0.13%,N/A,N/A,N/A,N/A,N/A,149.91,150.18,147.33,149.06,15.23M
2026-02-26,AAPL,272.95 USD,-0.47%,N/A,N/A,N/A,N/A,N/A,274.95,276.11,270.80,272.95,32.35M
2026-02-26,AMD,203.68 USD,-3.41%,N/A,N/A,N/A,N/A,N/A,208.80,209.79,201.46,203.68,35.02M
2026-02-26,CAT,752.93 USD,-1.78%,N/A,N/A,N/A,N/A,N/A,770.61,770.61,728.40,752.93,3.35M
2026-02-26,IONQ,40.88 USD,+21.70%,N/A,N/A,N/A,N/A,N/A,39.05,41.90,38.75,40.88,70.33M
2026-02-26,KO,79.95 USD,+0.04%,N/A,N/A,N/A,N/A,N/A,80.20,80.34,79.47,79.95,12.84M
2026-02-26,T,27.18 USD,-1.47%,N/A,N/A,N/A,N/A,N/A,27.69,27.76,27.13,27.18,33.86M
2026-02-26,XOM,148.54 USD,-0.35%,N/A,N/A,N/A,N/A,N/A,147.81,150.96,146.77,148.54,15.63M
2026-02-27,AAPL,264.18 USD,-3.21%,N/A,N/A,N/A,N/A,N/A,272.81,272.81,262.89,264.18,72.37M
2026-02-27,AMD,200.21 USD,-1.70%,N/A,N/A,N/A,N/A,N/A,200.11,201.89,197.74,200.21,31.31M
2026-02-27,CAT,742.83 USD,-1.34%,N/A,N/A,N/A,N/A,N/A,745.22,751.49,731.04,742.83,3.44M
2026-02-27,IONQ,38.37 USD,-6.14%,N/A,N/A,N/A,N/A,N/A,39.42,39.56,36.45,38.37,28.77M
2026-02-27,KO,81.00 USD,+1.32%,N/A,N/A,N/A,N/A,N/A,80.39,81.44,80.27,81.00,28.48M
2026-02-27,T,27.72 USD,+2.00%,N/A,N/A,N/A,N/A,N/A,27.32,27.72,27.23,27.72,54.51M
2026-02-27,XOM,152.50 USD,+2.67%,N/A,N/A,N/A,N/A,N/A,151.00,153.65,149.25,152.50,30.28M
2026-03-02,AAPL,264.72 USD,+0.20%,N/A,N/A,N/A,N/A,N/A,262.41,266.53,260.20,264.72,41.83M
2026-03-02,AMD,198.62 USD,-0.79%,N/A,N/A,N/A,N/A,N/A,193.85,198.74,190.00,198.62,34.12M
2026-03-02,CAT,752.32 USD,+1.28%,N/A,N/A,N/A,N/A,N/A,733.49,755.73,725.06,752.32,2.47M
2026-03-02,IONQ,38.34 USD,-0.08%,N/A,N/A,N/A,N/A,N/A,36.43,38.44,36.40,38.34,16.56M
2026-03-02,KO,79.67 USD,-1.64%,N/A,N/A,N/A,N/A,N/A,80.70,80.84,79.60,79.67,18.14M
2026-03-02,T,27.72 USD,+0.00%,N/A,N/A,N/A,N/A,N/A,27.62,27.96,27.58,27.72,39.27M
2026-03-02,XOM,154.22 USD,+1.13%,N/A,N/A,N/A,N/A,N/A,159.35,159.61,153.03,154.22,31.49M
2026-03-03,AAPL,263.75 USD,-0.37%,N/A,N/A,N/A,N/A,N/A,263.48,265.56,260.13,263.75,38.57M
2026-03-03,AMD,190.95 USD,-3.86%,N/A,N/A,N/A,N/A,N/A,191.46,193.64,188.22,190.95,37.79M
2026-03-03,CAT,722.18 USD,-4.01%,N/A,N/A,N/A,N/A,N/A,728.27,731.67,706.60,722.18,3.33M
2026-03-03,IONQ,37.05 USD,-3.36%,N/A,N/A,N/A,N/A,N/A,36.69,38.12,35.29,37.05,19.85M
2026-03-03,KO,78.80 USD,-1.10%,N/A,N/A,N/A,N/A,N/A,79.31,79.53,78.02,78.80,20.55M
2026-03-03,T,28.37 USD,+2.36%,N/A,N/A,N/A,N/A,N/A,27.50,28.45,27.47,28.37,45.89M
2026-03-03,XOM,151.83 USD,-1.55%,N/A,N/A,N/A,N/A,N/A,155.43,156.05,150.30,151.83,25.20M
2026-03-04,AAPL,262.52 USD,-0.47%,N/A,N/A,N/A,N/A,N/A,264.65,266.15,261.42,262.52,39.80M
2026-03-04,AMD,202.07 USD,+5.82%,N/A,N/A,N/A,N/A,N/A,192.12,202.44,189.86,202.07,40.91M
2026-03-04,CAT,731.97 USD,+1.36%,N/A,N/A,N/A,N/A,N/A,737.09,746.01,730.84,731.97,2.82M
2026-03-04,IONQ,37.13 USD,+0.22%,N/A,N/A,N/A,N/A,N/A,37.68,38.24,36.54,37.13,47.41M
2026-03-04,KO,77.57 USD,-1.56%,N/A,N/A,N/A,N/A,N/A,78.75,78.93,77.22,77.57,21.01M
2026-03-04,T,28.68 USD,+1.08%,N/A,N/A,N/A,N/A,N/A,28.18,28.77,27.93,28.68,42.41M
2026-03-04,XOM,149.82 USD,-1.32%,N/A,N/A,N/A,N/A,N/A,150.72,151.16,147.86,149.82,16.76M
2026-03-05,AAPL,260.29 USD,-0.85%,N/A,N/A,N/A,N/A,N/A,260.79,261.56,257.25,260.29,49.66M
2026-03-05,AMD,199.45 USD,-1.30%,N/A,N/A,N/A,N/A,N/A,197.77,203.79,194.88,199.45,36.00M
2026-03-05,CAT,706.08 USD,-3.54%,N/A,N/A,N/A,N/A,N/A,720.00,728.07,693.58,706.08,3.71M
2026-03-05,IONQ,36.02 USD,-2.99%,N/A,N/A,N/A,N/A,N/A,36.60,36.68,34.31,36.02,21.17M
2026-03-05,KO,76.50 USD,-1.37%,N/A,N/A,N/A,N/A,N/A,77.15,77.19,75.98,76.50,23.17M
2026-03-05,T,28.67 USD,-0.03%,N/A,N/A,N/A,N/A,N/A,28.64,28.76,28.42,28.67,46.50M
2026-03-05,XOM,150.76 USD,+0.63%,N/A,N/A,N/A,N/A,N/A,151.00,152.33,149.47,150.76,22.97M
2026-03-06,AAPL,257.46 USD,-1.09%,N/A,N/A,N/A,N/A,N/A,258.63,258.77,254.37,257.46,41.12M
2026-03-06,AMD,192.43 USD,-3.52%,N/A,N/A,N/A,N/A,N/A,195.27,200.24,191.25,192.43,33.91M
2026-03-06,CAT,680.90 USD,-3.57%,N/A,N/A,N/A,N/A,N/A,682.47,696.33,675.07,680.90,3.56M
2026-03-06,IONQ,35.73 USD,-0.81%,N/A,N/A,N/A,N/A,N/A,35.41,37.48,35.10,35.73,18.48M
2026-03-06,KO,76.51 USD,+0.01%,N/A,N/A,N/A,N/A,N/A,76.28,76.66,75.83,76.51,15.52M
2026-03-06,T,28.34 USD,-1.14%,N/A,N/A,N/A,N/A,N/A,28.63,28.65,28.04,28.34,37.91M
2026-03-06,XOM,151.21 USD,+0.30%,N/A,N/A,N/A,N/A,N/A,153.15,153.80,149.96,151.21,21.14M
2026-03-09,AAPL,259.88 USD,+0.94%,N/A,N/A,N/A,N/A,N/A,255.69,261.15,253.68,259.88,38.22M
2026-03-09,AMD,202.68 USD,+5.33%,N/A,N/A,N/A,N/A,N/A,189.36,202.97,189.02,202.68,38.88M
2026-03-09,CAT,704.82 USD,+3.51%,N/A,N/A,N/A,N/A,N/A,665.22,708.63,662.85,704.82,3.58M
2026-03-09,IONQ,35.87 USD,+0.39%,N/A,N/A,N/A,N/A,N/A,34.77,36.08,33.81,35.87,16.39M
2026-03-09,KO,77.27 USD,+0.99%,N/A,N/A,N/A,N/A,N/A,76.10,77.54,76.01,77.27,18.55M
2026-03-09,T,27.24 USD,-3.88%,N/A,N/A,N/A,N/A,N/A,27.84,28.07,27.11,27.24,52.15M
2026-03-09,XOM,150.44 USD,-0.51%,N/A,N/A,N/A,N/A,N/A,152.02,153.89,149.47,150.44,25.53M
2026-03-10,AAPL,260.83 USD,+0.37%,N/A,N/A,N/A,N/A,N/A,257.65,262.48,256.95,260.83,30.59M
2026-03-10,AMD,203.23 USD,+0.27%,N/A,N/A,N/A,N/A,N/A,202.51,206.59,202.20,203.23,29.14M
2026-03-10,CAT,716.68 USD,+1.68%,N/A,N/A,N/A,N/A,N/A,712.78,730.79,710.28,716.68,3.09M
2026-03-10,IONQ,35.12 USD,-2.09%,N/A,N/A,N/A,N/A,N/A,35.95,36.92,35.03,35.12,22.20M
2026-03-10,KO,77.35 USD,+0.10%,N/A,N/A,N/A,N/A,N/A,76.95,77.87,76.57,77.35,17.24M
2026-03-10,T,27.42 USD,+0.65%,N/A,N/A,N/A,N/A,N/A,27.36,27.65,27.17,27.42,37.60M
2026-03-10,XOM,148.13 USD,-1.54%,N/A,N/A,N/A,N/A,N/A,149.25,150.40,147.70,148.13,19.62M
2026-03-11,AAPL,260.81 USD,-0.01%,N/A,N/A,N/A,N/A,N/A,261.09,262.13,259.55,260.81,26.22M
2026-03-11,AMD,204.83 USD,+0.79%,N/A,N/A,N/A,N/A,N/A,205.11,209.21,203.63,204.83,23.08M
2026-03-11,CAT,707.59 USD,-1.27%,N/A,N/A,N/A,N/A,N/A,713.50,720.42,703.63,707.59,1.95M
2026-03-11,IONQ,34.27 USD,-2.42%,N/A,N/A,N/A,N/A,N/A,35.29,35.89,33.50,34.27,29.30M
2026-03-11,KO,77.10 USD,-0.32%,N/A,N/A,N/A,N/A,N/A,77.18,77.18,76.08,77.10,11.55M
2026-03-11,T,26.88 USD,-1.98%,N/A,N/A,N/A,N/A,N/A,27.38,27.44,26.59,26.88,46.93M
2026-03-11,XOM,151.58 USD,+2.33%,N/A,N/A,N/A,N/A,N/A,147.99,151.81,147.66,151.58,15.30M
2026-03-12,AAPL,255.76 USD,-1.94%,N/A,N/A,N/A,N/A,N/A,258.66,258.95,254.18,255.76,40.79M
2026-03-12,AMD,197.74 USD,-3.46%,N/A,N/A,N/A,N/A,N/A,202.83,203.62,196.67,197.74,28.89M
2026-03-12,CAT,700.69 USD,-0.98%,N/A,N/A,N/A,N/A,N/A,693.00,703.77,679.76,700.69,3.23M
2026-03-12,IONQ,33.03 USD,-3.62%,N/A,N/A,N/A,N/A,N/A,33.98,34.72,33.03,33.03,22.09M
2026-03-12,KO,77.08 USD,-0.03%,N/A,N/A,N/A,N/A,N/A,76.89,77.63,76.37,77.08,16.84M
2026-03-12,T,27.11 USD,+0.85%,N/A,N/A,N/A,N/A,N/A,26.77,27.11,26.45,27.11,32.64M
2026-03-12,XOM,153.53 USD,+1.29%,N/A,N/A,N/A,N/A,N/A,152.27,155.00,151.63,153.53,26.05M
2026-03-13,AAPL,250.12 USD,-2.21%,N/A,N/A,N/A,N/A,N/A,255.48,256.33,249.52,250.12,36.93M
2026-03-13,AMD,193.39 USD,-2.20%,N/A,N/A,N/A,N/A,N/A,198.11,199.68,192.27,193.39,27.56M
2026-03-13,CAT,693.99 USD,-0.96%,N/A,N/A,N/A,N/A,N/A,704.34,706.93,687.18,693.99,2.04M
2026-03-13,IONQ,32.98 USD,-0.15%,N/A,N/A,N/A,N/A,N/A,33.58,34.58,32.83,32.98,15.35M
2026-03-13,KO,77.34 USD,+0.34%,N/A,N/A,N/A,N/A,N/A,77.47,78.05,77.19,77.34,11.97M
2026-03-13,T,27.43 USD,+1.20%,N/A,N/A,N/A,N/A,N/A,27.22,27.56,27.16,27.43,28.08M
2026-03-13,XOM,156.12 USD,+1.69%,N/A,N/A,N/A,N/A,N/A,154.30,156.89,152.98,156.12,22.41M
2026-03-16,AAPL,252.82 USD,+1.08%,N/A,N/A,N/A,N/A,N/A,252.11,253.89,249.88,252.82,32.07M
2026-03-16,AMD,196.58 USD,+1.65%,N/A,N/A,N/A,N/A,N/A,194.98,200.17,194.80,196.58,30.29M
2026-03-16,CAT,699.78 USD,+0.83%,N/A,N/A,N/A,N/A,N/A,705.37,710.00,694.60,699.78,2.15M
2026-03-16,IONQ,33.29 USD,+0.94%,N/A,N/A,N/A,N/A,N/A,33.52,34.41,32.39,33.29,19.35M
2026-03-16,KO,77.82 USD,+0.62%,N/A,N/A,N/A,N/A,N/A,78.00,78.43,77.74,77.82,11.76M
2026-03-16,T,27.44 USD,+0.04%,N/A,N/A,N/A,N/A,N/A,27.44,27.53,27.19,27.44,31.79M
2026-03-16,XOM,157.23 USD,+0.71%,N/A,N/A,N/A,N/A,N/A,156.00,157.78,154.76,157.23,22.84M
2026-03-17,AAPL,254.23 USD,+0.56%,N/A,N/A,N/A,N/A,N/A,252.96,255.13,252.18,254.23,32.36M
2026-03-17,AMD,196.31 USD,-0.14%,N/A,N/A,N/A,N/A,N/A,196.68,199.21,195.26,196.31,22.78M
2026-03-17,CAT,702.00 USD,+0.32%,N/A,N/A,N/A,N/A,N/A,707.36,709.00,694.91,702.00,1.82M
2026-03-17,IONQ,33.31 USD,+0.06%,N/A,N/A,N/A,N/A,N/A,33.30,34.15,33.06,33.31,19.49M
2026-03-17,KO,77.58 USD,-0.31%,N/A,N/A,N/A,N/A,N/A,78.00,78.30,77.45,77.58,14.90M
2026-03-17,T,27.56 USD,+0.43%,N/A,N/A,N/A,N/A,N/A,27.60,27.73,27.37,27.56,33.90M
2026-03-17,XOM,158.81 USD,+1.00%,N/A,N/A,N/A,N/A,N/A,158.25,160.45,156.80,158.81,21.59M
2026-03-18,AAPL,249.94 USD,-1.69%,N/A,N/A,N/A,N/A,N/A,252.63,254.94,249.00,249.94,35.76M
2026-03-18,AMD,199.46 USD,+1.60%,N/A,N/A,N/A,N/A,N/A,196.00,202.86,195.75,199.46,28.57M
2026-03-18,CAT,693.62 USD,-1.19%,N/A,N/A,N/A,N/A,N/A,701.31,711.84,692.70,693.62,1.80M
2026-03-18,IONQ,32.38 USD,-2.79%,N/A,N/A,N/A,N/A,N/A,33.05,34.00,32.36,32.38,16.18M
2026-03-18,KO,75.97 USD,-2.08%,N/A,N/A,N/A,N/A,N/A,77.08,77.13,75.85,75.97,13.13M
2026-03-18,T,27.13 USD,-1.58%,N/A,N/A,N/A,N/A,N/A,27.42,27.50,27.11,27.13,34.90M
2026-03-18,XOM,157.59 USD,-0.77%,N/A,N/A,N/A,N/A,N/A,159.66,160.18,157.53,157.59,18.95M
2026-03-19,AAPL,248.96 USD,-0.39%,N/A,N/A,N/A,N/A,N/A,249.40,251.83,247.30,248.96,34.86M
2026-03-19,AMD,205.27 USD,+2.91%,N/A,N/A,N/A,N/A,N/A,195.03,205.88,192.83,205.27,32.25M
2026-03-19,CAT,688.65 USD,-0.72%,N/A,N/A,N/A,N/A,N/A,676.49,693.49,669.00,688.65,2.24M
2026-03-19,IONQ,31.90 USD,-1.48%,N/A,N/A,N/A,N/A,N/A,31.54,32.55,30.73,31.90,16.99M
2026-03-19,KO,75.55 USD,-0.55%,N/A,N/A,N/A,N/A,N/A,76.00,76.45,75.53,75.55,13.02M
2026-03-19,T,27.45 USD,+1.20%,N/A,N/A,N/A,N/A,N/A,27.29,27.66,26.94,27.45,58.62M
2026-03-19,XOM,158.16 USD,+0.36%,N/A,N/A,N/A,N/A,N/A,158.26,159.56,154.84,158.16,27.08M
2026-03-20,AAPL,247.99 USD,-0.39%,N/A,N/A,N/A,N/A,N/A,247.98,249.20,246.00,247.99,88.33M
2026-03-20,AMD,201.33 USD,-1.92%,N/A,N/A,N/A,N/A,N/A,204.89,206.30,198.26,201.33,37.27M
2026-03-20,CAT,680.88 USD,-1.13%,N/A,N/A,N/A,N/A,N/A,686.63,694.06,670.44,680.88,5.13M
2026-03-20,IONQ,31.20 USD,-2.19%,N/A,N/A,N/A,N/A,N/A,31.80,32.25,30.50,31.20,17.19M
2026-03-20,KO,74.75 USD,-1.06%,N/A,N/A,N/A,N/A,N/A,75.57,76.05,74.39,74.75,33.30M
2026-03-20,T,28.02 USD,+2.05%,N/A,N/A,N/A,N/A,N/A,27.55,28.33,27.55,28.02,128.73M
2026-03-20,XOM,159.67 USD,+0.95%,N/A,N/A,N/A,N/A,N/A,159.35,162.44,159.10,159.67,53.94M
2026-03-23,AAPL,251.49 USD,+1.41%,N/A,N/A,N/A,N/A,N/A,253.97,254.60,250.28,251.49,40.55M
2026-03-23,AMD,202.68 USD,+0.67%,N/A,N/A,N/A,N/A,N/A,206.40,209.11,201.71,202.68,31.86M
2026-03-23,CAT,701.70 USD,+3.06%,N/A,N/A,N/A,N/A,N/A,699.00,712.00,694.56,701.70,2.98M
2026-03-23,IONQ,33.11 USD,+6.12%,N/A,N/A,N/A,N/A,N/A,31.64,33.63,31.29,33.11,19.15M
2026-03-23,KO,75.11 USD,+0.48%,N/A,N/A,N/A,N/A,N/A,75.34,75.45,74.55,75.11,15.05M
2026-03-23,T,28.46 USD,+1.59%,N/A,N/A,N/A,N/A,N/A,27.99,28.61,27.58,28.46,46.66M
2026-03-23,XOM,161.13 USD,+0.91%,N/A,N/A,N/A,N/A,N/A,156.12,161.42,155.02,161.13,25.02M
2026-03-24,AAPL,251.64 USD,+0.06%,N/A,N/A,N/A,N/A,N/A,250.35,254.83,249.55,251.64,45.15M
2026-03-24,AMD,205.37 USD,+1.33%,N/A,N/A,N/A,N/A,N/A,201.39,206.43,200.13,205.37,27.26M
2026-03-24,CAT,716.63 USD,+2.13%,N/A,N/A,N/A,N/A,N/A,693.80,721.15,693.03,716.63,2.10M
2026-03-24,IONQ,32.70 USD,-1.24%,N/A,N/A,N/A,N/A,N/A,32.38,33.46,31.88,32.70,13.52M
2026-03-24,KO,74.67 USD,-0.59%,N/A,N/A,N/A,N/A,N/A,74.86,75.69,74.63,74.67,15.65M
2026-03-24,T,28.57 USD,+0.38%,N/A,N/A,N/A,N/A,N/A,28.50,29.14,28.36,28.57,41.05M
2026-03-24,XOM,165.38 USD,+2.64%,N/A,N/A,N/A,N/A,N/A,161.71,167.48,161.25,165.38,26.13M
2026-03-25,AAPL,252.62 USD,+0.39%,N/A,N/A,N/A,N/A,N/A,254.10,255.00,251.60,252.62,28.48M
2026-03-25,AMD,220.27 USD,+7.26%,N/A,N/A,N/A,N/A,N/A,211.51,221.33,211.51,220.27,48.52M
2026-03-25,CAT,719.04 USD,+0.34%,N/A,N/A,N/A,N/A,N/A,727.25,729.35,717.00,719.04,1.59M
2026-03-25,IONQ,31.96 USD,-2.26%,N/A,N/A,N/A,N/A,N/A,33.38,34.18,31.66,31.96,15.63M
2026-03-25,KO,75.25 USD,+0.78%,N/A,N/A,N/A,N/A,N/A,74.59,75.65,74.07,75.25,14.79M
2026-03-25,T,28.51 USD,-0.21%,N/A,N/A,N/A,N/A,N/A,28.68,28.84,28.41,28.51,36.57M
2026-03-25,XOM,163.26 USD,-1.28%,N/A,N/A,N/A,N/A,N/A,163.87,165.00,162.93,163.26,17.19M
2026-03-26,AAPL,252.89 USD,+0.11%,N/A,N/A,N/A,N/A,N/A,252.12,257.00,250.77,252.89,41.80M
2026-03-26,AMD,203.77 USD,-7.49%,N/A,N/A,N/A,N/A,N/A,217.98,221.00,203.43,203.77,49.21M
2026-03-26,CAT,703.19 USD,-2.20%,N/A,N/A,N/A,N/A,N/A,710.07,717.97,696.43,703.19,2.43M
2026-03-26,IONQ,29.84 USD,-6.63%,N/A,N/A,N/A,N/A,N/A,31.40,31.61,29.71,29.84,17.73M
2026-03-26,KO,74.69 USD,-0.74%,N/A,N/A,N/A,N/A,N/A,75.19,75.75,74.65,74.69,11.20M
2026-03-26,T,28.62 USD,+0.38%,N/A,N/A,N/A,N/A,N/A,28.77,28.91,28.52,28.62,29.90M
2026-03-26,XOM,165.43 USD,+1.33%,N/A,N/A,N/A,N/A,N/A,164.09,165.68,162.06,165.43,18.63M
2026-03-27,AAPL,248.80 USD,-1.62%,N/A,N/A,N/A,N/A,N/A,253.90,255.49,248.07,248.80,47.90M
2026-03-27,AMD,201.99 USD,-0.87%,N/A,N/A,N/A,N/A,N/A,201.77,203.27,197.69,201.99,29.21M
2026-03-27,CAT,695.40 USD,-1.11%,N/A,N/A,N/A,N/A,N/A,694.47,708.36,692.33,695.40,2.06M
2026-03-27,IONQ,27.51 USD,-7.81%,N/A,N/A,N/A,N/A,N/A,29.55,29.60,27.38,27.51,19.50M
2026-03-27,KO,75.71 USD,+1.37%,N/A,N/A,N/A,N/A,N/A,74.82,76.05,74.70,75.71,17.46M
2026-03-27,T,28.80 USD,+0.62%,N/A,N/A,N/A,N/A,N/A,28.70,29.07,28.52,28.80,38.16M
2026-03-27,XOM,170.99 USD,+3.36%,N/A,N/A,N/A,N/A,N/A,165.58,171.23,164.80,170.99,30.34M
2026-03-30,AAPL,246.63 USD,-0.87%,N/A,N/A,N/A,N/A,N/A,250.07,250.87,245.51,246.63,39.45M
2026-03-30,AMD,196.04 USD,-2.95%,N/A,N/A,N/A,N/A,N/A,204.95,208.43,192.87,196.04,41.05M
2026-03-30,CAT,667.43 USD,-4.02%,N/A,N/A,N/A,N/A,N/A,702.21,702.99,664.57,667.43,2.61M
2026-03-30,IONQ,26.59 USD,-3.34%,N/A,N/A,N/A,N/A,N/A,27.79,28.16,25.89,26.59,18.70M
2026-03-30,KO,76.27 USD,+0.74%,N/A,N/A,N/A,N/A,N/A,75.93,77.00,75.72,76.27,18.50M
2026-03-30,T,28.48 USD,-1.10%,N/A,N/A,N/A,N/A,N/A,28.91,29.07,28.42,28.48,35.29M
2026-03-30,XOM,171.47 USD,+0.28%,N/A,N/A,N/A,N/A,N/A,172.51,176.41,171.05,171.47,29.81M
2026-03-31,AAPL,253.79 USD,+2.90%,N/A,N/A,N/A,N/A,N/A,247.91,255.48,247.10,253.79,49.60M
2026-03-31,AMD,203.43 USD,+3.77%,N/A,N/A,N/A,N/A,N/A,198.05,204.00,196.41,203.43,42.32M
2026-03-31,CAT,708.46 USD,+6.15%,N/A,N/A,N/A,N/A,N/A,680.00,708.89,672.00,708.46,3.00M
2026-03-31,IONQ,28.83 USD,+8.42%,N/A,N/A,N/A,N/A,N/A,27.20,29.18,27.06,28.83,23.15M
2026-03-31,KO,76.05 USD,-0.29%,N/A,N/A,N/A,N/A,N/A,76.53,77.02,75.51,76.05,18.30M
2026-03-31,T,28.69 USD,+0.73%,N/A,N/A,N/A,N/A,N/A,28.63,28.69,28.23,28.69,48.63M
2026-03-31,XOM,169.66 USD,-1.06%,N/A,N/A,N/A,N/A,N/A,172.67,174.38,165.97,169.66,32.01M
2026-04-01,AAPL,255.63 USD,+0.73%,N/A,N/A,N/A,N/A,N/A,254.08,256.18,253.33,255.63,40.06M
2026-04-01,AMD,210.21 USD,+3.33%,N/A,N/A,N/A,N/A,N/A,207.59,213.83,205.84,210.21,40.84M
2026-04-01,CAT,730.32 USD,+3.09%,N/A,N/A,N/A,N/A,N/A,722.00,740.01,719.74,730.32,2.44M
2026-04-01,IONQ,27.79 USD,-3.61%,N/A,N/A,N/A,N/A,N/A,29.64,29.91,27.57,27.79,19.07M
2026-04-01,KO,76.08 USD,+0.04%,N/A,N/A,N/A,N/A,N/A,76.15,76.36,75.26,76.08,15.83M
2026-04-01,T,28.02 USD,-2.35%,N/A,N/A,N/A,N/A,N/A,28.65,28.67,27.77,28.02,43.11M
2026-04-01,XOM,160.78 USD,-5.23%,N/A,N/A,N/A,N/A,N/A,165.77,168.00,159.53,160.78,37.93M
2026-04-02,AAPL,255.92 USD,+0.11%,N/A,N/A,N/A,N/A,N/A,254.20,256.13,250.65,255.92,31.29M
2026-04-02,AMD,217.50 USD,+3.47%,N/A,N/A,N/A,N/A,N/A,204.05,217.78,200.62,217.50,38.46M
2026-04-02,CAT,717.22 USD,-1.79%,N/A,N/A,N/A,N/A,N/A,705.57,735.41,705.45,717.22,1.76M
2026-04-02,IONQ,29.30 USD,+5.43%,N/A,N/A,N/A,N/A,N/A,26.80,29.49,26.74,29.30,15.52M
2026-04-02,KO,76.72 USD,+0.84%,N/A,N/A,N/A,N/A,N/A,76.58,76.96,76.12,76.72,14.57M
2026-04-02,T,28.04 USD,+0.07%,N/A,N/A,N/A,N/A,N/A,28.10,28.33,27.70,28.04,35.00M
2026-04-02,XOM,160.69 USD,-0.06%,N/A,N/A,N/A,N/A,N/A,164.49,166.90,159.59,160.69,25.38M
2026-04-06,AAPL,258.86 USD,+1.15%,N/A,N/A,N/A,N/A,N/A,256.51,262.16,256.46,258.86,29.33M
2026-04-06,AMD,220.18 USD,+1.23%,N/A,N/A,N/A,N/A,N/A,219.28,226.31,217.73,220.18,30.79M
2026-04-06,CAT,721.24 USD,+0.56%,N/A,N/A,N/A,N/A,N/A,716.74,722.57,704.27,721.24,1.25M
2026-04-06,IONQ,29.24 USD,-0.20%,N/A,N/A,N/A,N/A,N/A,29.33,30.30,28.71,29.24,11.78M
2026-04-06,KO,77.22 USD,+0.65%,N/A,N/A,N/A,N/A,N/A,76.64,77.28,76.22,77.22,8.26M
2026-04-06,T,28.03 USD,-0.04%,N/A,N/A,N/A,N/A,N/A,27.98,28.22,27.86,28.03,29.40M
2026-04-06,XOM,163.37 USD,+1.67%,N/A,N/A,N/A,N/A,N/A,160.57,163.75,159.53,163.37,16.34M
2026-04-07,AAPL,253.50 USD,-2.07%,N/A,N/A,N/A,N/A,N/A,256.16,256.20,245.70,253.50,62.15M
2026-04-07,AMD,221.53 USD,+0.61%,N/A,N/A,N/A,N/A,N/A,218.26,222.10,215.38,221.53,26.48M
2026-04-07,CAT,724.44 USD,+0.44%,N/A,N/A,N/A,N/A,N/A,719.59,725.73,708.93,724.44,1.55M
2026-04-07,IONQ,28.49 USD,-2.56%,N/A,N/A,N/A,N/A,N/A,28.72,28.88,27.29,28.49,19.72M
2026-04-07,KO,75.91 USD,-1.70%,N/A,N/A,N/A,N/A,N/A,77.20,77.60,75.63,75.91,12.77M
2026-04-07,T,27.75 USD,-0.99%,N/A,N/A,N/A,N/A,N/A,28.00,28.19,27.63,27.75,27.65M
2026-04-07,XOM,163.91 USD,+0.33%,N/A,N/A,N/A,N/A,N/A,164.22,166.24,161.77,163.91,25.23M
2026-04-08,AAPL,258.90 USD,+2.13%,N/A,N/A,N/A,N/A,N/A,258.45,259.75,256.53,258.90,41.03M
2026-04-08,AMD,231.82 USD,+4.64%,N/A,N/A,N/A,N/A,N/A,232.12,234.00,227.09,231.82,35.50M
2026-04-08,CAT,771.58 USD,+6.51%,N/A,N/A,N/A,N/A,N/A,764.62,774.40,753.10,771.58,3.01M
2026-04-08,IONQ,28.99 USD,+1.76%,N/A,N/A,N/A,N/A,N/A,30.66,31.10,28.51,28.99,20.13M
2026-04-08,KO,77.29 USD,+1.82%,N/A,N/A,N/A,N/A,N/A,75.81,77.37,75.32,77.29,12.33M
2026-04-08,MSFT,372.29 USD,-0.16%,2.77T,23.31,15.97,555.45,350.25,N/A,N/A,N/A,N/A,N/A
2026-04-08,NVDA,178.10 USD,+0.26%,4.33T,36.35,4.90,212.19,94.46,N/A,N/A,N/A,N/A,N/A
2026-04-08,T,27.07 USD,-2.46%,N/A,N/A,N/A,N/A,N/A,26.95,27.22,26.63,27.07,47.84M
2026-04-08,XOM,156.22 USD,-4.69%,N/A,N/A,N/A,N/A,N/A,153.52,156.35,150.98,156.22,31.31M
2026-04-09,AAPL,260.49 USD,+0.61%,N/A,N/A,N/A,N/A,N/A,259.00,261.12,256.07,260.49,28.12M
2026-04-09,AMD,236.64 USD,+2.08%,N/A,N/A,N/A,N/A,N/A,233.01,237.10,230.91,236.64,27.13M
2026-04-09,CAT,787.07 USD,+2.01%,N/A,N/A,N/A,N/A,N/A,773.00,795.52,772.99,787.07,2.80M
2026-04-09,IONQ,28.08 USD,-3.14%,N/A,N/A,N/A,N/A,N/A,28.75,29.25,27.82,28.08,16.36M
2026-04-09,KO,78.18 USD,+1.15%,N/A,N/A,N/A,N/A,N/A,76.65,78.29,76.37,78.18,14.31M
2026-04-09,MSFT,374.33 USD,+0.55%,2.78T,23.42,15.98,555.45,350.25,N/A,N/A,N/A,N/A,N/A
2026-04-09,NVDA,182.08 USD,+2.23%,4.43T,37.16,4.90,212.19,94.46,N/A,N/A,N/A,N/A,N/A
2026-04-09,T,26.56 USD,-1.86%,N/A,N/A,N/A,N/A,N/A,26.95,27.13,26.48,26.56,41.44M
2026-04-09,XOM,155.04 USD,-0.76%,N/A,N/A,N/A,N/A,N/A,156.86,159.23,154.31,155.04,25.87M
2026-04-10,AAPL,260.48 USD,-0.00%,N/A,N/A,N/A,N/A,N/A,259.98,262.19,259.02,260.48,31.26M
2026-04-10,AMD,245.04 USD,+3.55%,N/A,N/A,N/A,N/A,N/A,239.00,249.58,238.96,245.04,36.40M
2026-04-10,CAT,790.66 USD,+0.46%,N/A,N/A,N/A,N/A,N/A,790.67,797.85,786.24,790.66,1.87M
2026-04-10,IONQ,28.79 USD,+2.53%,N/A,N/A,N/A,N/A,N/A,28.28,29.37,28.13,28.79,13.00M
2026-04-10,KO,77.47 USD,-0.91%,N/A,N/A,N/A,N/A,N/A,77.98,78.17,77.31,77.47,11.08M
2026-04-10,MSFT,373.07 USD,-0.34%,2.77T,23.36,15.97,555.45,350.25,N/A,N/A,N/A,N/A,N/A
2026-04-10,NVDA,183.91 USD,+1.01%,4.47T,37.61,4.89,212.19,94.46,N/A,N/A,N/A,N/A,N/A
2026-04-10,PLUG,2.74 USD,+3.40%,3.82B,N/A,-1.42,4.58,0.69,N/A,N/A,N/A,N/A,N/A
2026-04-10,T,26.46 USD,-0.38%,N/A,N/A,N/A,N/A,N/A,26.52,26.70,26.29,26.46,31.99M
2026-04-10,XOM,152.51 USD,-1.63%,N/A,N/A,N/A,N/A,N/A,154.04,155.12,151.92,152.51,21.06M
2026-04-13,AAPL,260.48 USD,-0.00%,3.83T,33.01,7.89,288.62,189.81,259.98,262.19,259.02,260.48,27.98M
2026-04-13,AMD,245.04 USD,+3.55%,399.52B,93.53,2.62,267.08,83.75,239.00,249.58,238.96,245.04,35.89M
2026-04-13,CAT,790.66 USD,+0.46%,370.01B,42.01,18.82,797.85,282.46,790.67,797.85,786.24,790.66,1.40M
2026-04-13,IONQ,28.79 USD,+2.53%,10.59B,N/A,-1.82,84.64,23.48,28.28,29.37,28.13,28.79,11.90M
2026-04-13,KO,77.47 USD,-0.91%,333.44B,25.48,3.04,82.00,65.35,77.98,78.17,77.31,77.47,10.95M
2026-04-13,PLUG,2.74 USD,+0.00%,3.82B,N/A,-1.42,4.58,0.69,2.80,2.90,2.73,2.74,60.36M
2026-04-13,T,26.46 USD,-0.38%,185.24B,8.70,3.04,29.79,22.95,26.52,26.70,26.29,26.46,31.97M
2026-04-13,XOM,152.51 USD,-1.63%,633.92B,22.76,6.70,176.41,101.19,154.04,155.12,151.92,152.51,15.53M
